ID,FinalExamScore
101001,89.78
101002,86.45
101003,63.06
101004,77.47
101005,59.25
101006,87.86
101007,52.47
101008,64.00
101009,66.57
101010,87.13
101011,76.66
101012,71.32
101013,53.96
101014,42.73
101015,72.15
101016,82.21
101017,86.12
101018,94.81
101019,81.05
101020,61.46
101021,87.19
101022,63.61
101023,81.39
101024,63.38
101025,61.45
101026,71.94
101027,63.60
101028,78.73
101029,80.95
101030,75.34
101031,64.05
101032,60.87
101033,59.34
101034,55.96
101035,78.28
101036,68.68
101037,75.98
101038,91.76
101039,84.76
101040,59.09
101041,83.74
101042,100.00
101043,67.55
101044,61.94
101045,91.51
101046,84.70
101047,76.41
101048,58.06
101049,59.48
101050,60.43
101051,79.98
101052,92.75
101053,93.75
101054,65.31
101055,64.75
101056,94.89
101057,87.15
101058,70.49
101059,73.93
101060,66.17
101061,60.09
101062,74.12
101063,74.80
101064,71.61
101065,88.10
101066,80.65
101067,62.72
101068,73.97
101069,73.77
101070,91.03
101071,94.74
101072,73.88
101073,62.67
101074,79.67
101075,85.65
101076,77.24
101077,78.10
101078,71.31
101079,70.11
101080,75.04
101081,77.98
101082,68.11
101083,82.53
101084,71.49
101085,78.44
101086,79.59
101087,64.26
101088,58.02
101089,72.67
101090,72.13
101091,63.08
101092,82.38
101093,95.31
101094,61.26
101095,81.42
101096,61.82
101097,62.24
101098,75.22
101099,87.96
101100,69.67
101101,72.92
101102,91.12
101103,57.27
101104,83.99
101105,90.31
101106,86.25
101107,66.29
101108,60.53
101109,91.43
101110,86.27
101111,56.76
101112,86.66
101113,82.19
101114,86.77
101115,70.37
101116,85.77
101117,57.88
101118,62.55
101119,80.96
101120,63.73
101121,77.65
101122,69.46
101123,80.51
101124,75.46
101125,78.80
101126,83.55
101127,78.48
101128,82.45
101129,52.57
101130,87.44
101131,66.96
101132,70.98
101133,70.56
101134,57.28
101135,77.05
101136,80.22
101137,71.11
101138,83.52
101139,50.49
101140,88.09
101141,74.86
101142,86.19
101143,97.17
101144,93.12
101145,82.72
101146,68.65
101147,64.47
101148,89.22
101149,76.06
101150,88.27
101151,74.09
101152,78.71
101153,82.41
101154,77.20
101155,81.62
101156,68.85
101157,55.50
101158,85.01
101159,94.06
101160,87.00
101161,73.77
101162,70.60
101163,66.11
101164,53.46
101165,56.78
101166,69.61
101167,73.92
101168,86.53
101169,61.95
101170,63.43
101171,68.92
101172,72.39
101173,66.99
101174,72.91
101175,69.07
101176,58.47
101177,85.57
101178,86.86
101179,82.94
101180,84.99
101181,77.95
101182,66.54
101183,61.88
101184,75.71
101185,77.46
101186,69.76
101187,74.93
101188,69.08
101189,81.35
101190,56.07
101191,88.03
101192,88.87
101193,66.31
101194,81.49
101195,66.92
101196,64.22
101197,83.16
101198,61.78
101199,85.05
101200,72.04
