ID,actual,predicted,residual
100001,82.0,82.142,-0.142
100002,87.5,86.402,1.098
100003,62.4,61.886,0.514
100004,60.4,56.278,4.122
100005,59.4,68.891,-9.491
100006,70.9,72.748,-1.848
100007,71.7,81.272,-9.572
100008,85.4,81.492,3.908
100009,80.5,84.338,-3.838
100010,78.3,81.391,-3.091
100011,35.2,55.55,-20.35
100012,67.8,64.28,3.52
100013,51.9,46.115,5.785
100014,75.3,86.652,-11.352
100015,93.9,97.572,-3.672
100016,49.9,55.635,-5.735
100017,70.0,68.397,1.603
100018,75.1,81.272,-6.172
100019,73.2,79.456,-6.256
100020,81.1,78.041,3.059
100021,57.9,70.336,-12.436
100022,44.0,58.834,-14.834
100023,55.8,57.444,-1.644
100024,62.7,74.232,-11.532
100025,60.5,58.051,2.449
100026,85.7,85.856,-0.156
100027,100.0,100.728,-0.728
100028,80.4,86.782,-6.382
100029,91.8,89.765,2.035
100030,72.0,64.955,7.045
100031,82.9,86.462,-3.562
100032,46.6,60.555,-13.955
100033,63.0,68.572,-5.572
100034,73.2,71.972,1.228
100035,78.2,88.483,-10.283
100036,65.2,64.478,0.722
100037,62.7,65.825,-3.125
100038,73.9,75.258,-1.358
100039,90.9,90.811,0.089
100040,85.1,81.536,3.564
100041,55.7,45.416,10.284
100042,92.9,89.826,3.074
100043,72.0,68.464,3.536
100044,92.5,86.319,6.181
100045,87.2,74.793,12.407
100046,80.5,74.199,6.301
100047,59.0,67.539,-8.539
100048,77.8,76.257,1.543
100049,68.0,73.149,-5.149
100050,90.3,88.497,1.803
100051,55.9,47.459,8.441
100052,93.6,88.836,4.764
100053,66.0,72.389,-6.389
100054,82.3,87.018,-4.718
100055,74.0,67.089,6.911
100056,50.6,37.73,12.87
100057,78.6,77.949,0.651
100058,71.1,76.594,-5.494
100059,64.9,72.754,-7.854
100060,67.4,69.445,-2.045
100061,74.9,79.653,-4.753
100062,98.5,93.989,4.511
100063,100.0,92.391,7.609
100064,98.7,88.911,9.789
100065,66.7,69.546,-2.846
100066,82.4,74.588,7.812
100067,90.3,94.747,-4.447
100068,81.9,84.101,-2.201
100069,60.5,60.435,0.065
100070,78.7,81.029,-2.329
100071,78.8,80.517,-1.717
100072,82.3,82.743,-0.443
100073,84.9,66.124,18.776
100074,35.3,59.207,-23.907
100075,83.9,80.803,3.097
100076,57.6,70.888,-13.288
100077,57.6,60.665,-3.065
100078,68.9,75.973,-7.073
100079,74.9,79.375,-4.475
100080,95.7,92.706,2.994
100081,60.9,58.258,2.642
100082,55.0,63.305,-8.305
100083,69.9,59.652,10.248
100084,81.9,87.485,-5.585
100085,92.4,81.01,11.39
100086,60.9,66.214,-5.314
100087,73.9,75.487,-1.587
100088,76.3,74.715,1.585
100089,80.6,76.091,4.509
100090,75.2,74.467,0.733
100091,64.3,70.247,-5.947
100092,60.3,62.976,-2.676
100093,84.1,86.2,-2.1
100094,65.4,68.823,-3.423
100095,66.2,68.834,-2.634
100096,67.7,69.4,-1.7
100097,73.6,60.153,13.447
100098,69.1,67.362,1.738
100099,61.7,63.286,-1.586
100100,62.0,64.269,-2.269
100101,77.8,76.421,1.379
100102,61.9,55.553,6.347
100103,59.0,62.029,-3.029
100104,94.9,80.407,14.493
100105,75.9,69.623,6.277
100106,77.8,83.752,-5.952
100107,20.8,37.824,-17.024
100108,81.0,76.06,4.94
100109,63.0,66.399,-3.399
100110,68.4,77.454,-9.054
100111,63.3,66.4,-3.1
100112,66.9,65.716,1.184
100113,64.6,67.754,-3.154
100114,58.1,65.911,-7.811
100115,68.8,68.332,0.468
100116,74.3,71.533,2.767
100117,64.1,63.048,1.052
100118,70.6,75.382,-4.782
100119,97.5,90.288,7.212
100120,70.6,69.792,0.808
100121,90.6,86.671,3.929
100122,89.1,96.011,-6.911
100123,70.2,74.077,-3.877
100124,80.9,83.668,-2.768
100125,84.4,90.534,-6.134
100126,47.0,56.644,-9.644
100127,64.3,73.328,-9.028
100128,83.6,82.712,0.888
100129,67.9,61.426,6.474
100130,78.9,80.278,-1.378
100131,84.1,85.327,-1.227
100132,71.5,55.869,15.631
100133,100.0,97.796,2.204
100134,70.7,63.524,7.176
100135,73.0,74.654,-1.654
100136,69.1,76.987,-7.887
100137,67.9,76.204,-8.304
100138,25.3,45.702,-20.402
100139,66.0,75.044,-9.044
100140,59.2,60.129,-0.929
100141,71.5,73.992,-2.492
100142,79.7,79.278,0.422
100143,82.9,77.024,5.876
100144,80.8,85.864,-5.064
100145,59.7,48.333,11.367
100146,61.7,51.917,9.783
100147,79.4,75.343,4.057
100148,69.0,69.708,-0.708
100149,65.6,61.253,4.347
100150,95.3,92.24,3.06
100151,70.4,73.76,-3.36
100152,63.1,70.326,-7.226
100153,67.2,67.585,-0.385
100154,94.7,90.558,4.142
100155,93.6,92.192,1.408
100156,69.2,65.133,4.067
100157,80.5,74.283,6.217
100158,60.7,57.66,3.04
100159,81.4,80.83,0.57
100160,52.6,63.35,-10.75
100161,73.1,77.231,-4.131
100162,64.8,67.688,-2.888
100163,62.3,60.381,1.919
100164,63.4,62.926,0.474
100165,79.0,71.199,7.801
100166,79.8,86.512,-6.712
100167,56.1,57.348,-1.248
100168,25.9,40.986,-15.086
100169,79.8,90.549,-10.749
100170,69.3,64.176,5.124
100171,71.9,75.924,-4.024
100172,77.4,81.708,-4.308
100173,89.9,89.316,0.584
100174,71.8,63.553,8.247
100175,62.8,63.101,-0.301
100176,74.2,61.648,12.552
100177,79.5,76.378,3.122
100178,79.3,81.177,-1.877
100179,80.3,83.727,-3.427
100180,72.9,63.556,9.344
100181,51.1,59.098,-7.998
100182,91.0,92.565,-1.565
100183,73.6,78.537,-4.937
100184,62.4,61.302,1.098
100185,51.8,58.873,-7.073
100186,64.4,60.547,3.853
100187,71.9,67.023,4.877
100188,75.2,71.478,3.722
100189,66.9,73.945,-7.045
100190,79.9,75.884,4.016
100191,90.5,88.289,2.211
100192,64.9,61.312,3.588
100193,84.3,84.218,0.082
100194,70.1,66.215,3.885
100195,74.5,71.697,2.803
100196,95.3,88.508,6.792
100197,84.9,78.637,6.263
100198,82.4,76.422,5.978
100199,40.9,39.107,1.793
100200,68.2,67.517,0.683
100201,90.1,92.999,-2.899
100202,58.4,58.64,-0.24
100203,63.4,68.853,-5.453
100204,94.8,90.057,4.743
100205,75.0,84.734,-9.734
100206,100.0,95.667,4.333
100207,63.1,69.407,-6.307
100208,100.0,95.351,4.649
100209,81.1,78.129,2.971
100210,70.8,60.21,10.59
100211,52.7,52.574,0.126
100212,65.3,67.266,-1.966
100213,60.8,66.832,-6.032
100214,80.3,82.493,-2.193
100215,81.3,80.02,1.28
100216,78.4,80.626,-2.226
100217,88.2,83.571,4.629
100218,58.0,63.365,-5.365
100219,71.5,73.592,-2.092
100220,62.9,72.674,-9.774
100221,67.5,73.188,-5.688
100222,81.2,66.58,14.62
100223,85.0,91.138,-6.138
100224,62.0,59.788,2.212
100225,87.5,96.913,-9.413
100226,66.0,65.069,0.931
100227,39.6,45.115,-5.515
100228,46.8,54.924,-8.124
100229,56.9,54.221,2.679
100230,49.9,47.205,2.695
100231,72.2,63.126,9.074
100232,72.6,68.409,4.191
100233,79.4,79.721,-0.321
100234,77.3,81.991,-4.691
100235,45.7,58.278,-12.578
100236,85.4,77.391,8.009
100237,64.7,69.494,-4.794
100238,87.1,77.387,9.713
100239,89.1,88.85,0.25
100240,87.9,78.309,9.591
100241,46.1,59.541,-13.441
100242,81.2,86.612,-5.412
100243,69.7,65.539,4.161
100244,56.7,51.277,5.423
100245,72.3,77.975,-5.675
100246,94.4,94.174,0.226
100247,57.5,63.876,-6.376
100248,51.2,64.488,-13.288
100249,92.4,89.572,2.828
100250,75.3,71.36,3.94
100251,90.6,86.629,3.971
100252,88.5,85.856,2.644
100253,55.5,59.45,-3.95
100254,80.0,73.067,6.933
100255,90.2,86.958,3.242
100256,87.3,91.42,-4.12
100257,100.0,96.859,3.141
100258,86.0,83.971,2.029
100259,76.8,82.584,-5.784
100260,54.0,62.49,-8.49
100261,85.0,79.132,5.868
100262,81.8,85.888,-4.088
100263,70.6,66.834,3.766
100264,95.5,94.848,0.652
100265,78.3,74.958,3.342
100266,73.1,71.778,1.322
100267,95.8,92.856,2.944
100268,73.2,69.374,3.826
100269,81.8,79.279,2.521
100270,73.0,71.774,1.226
100271,64.3,63.96,0.34
100272,88.5,76.497,12.003
100273,46.7,58.739,-12.039
100274,30.4,51.615,-21.215
100275,76.3,74.822,1.478
100276,38.8,44.182,-5.382
100277,56.2,58.854,-2.654
100278,61.4,57.536,3.864
100279,84.1,79.292,4.808
100280,88.5,89.673,-1.173
100281,43.5,50.01,-6.51
100282,79.9,77.636,2.264
100283,81.6,80.317,1.283
100284,98.5,91.347,7.153
100285,53.9,56.987,-3.087
100286,100.0,101.557,-1.557
100287,82.8,75.136,7.664
100288,79.4,70.753,8.647
100289,72.0,75.053,-3.053
100290,76.9,74.152,2.748
100291,72.2,80.191,-7.991
100292,79.3,80.29,-0.99
100293,55.5,56.942,-1.442
100294,86.4,77.828,8.572
100295,56.6,59.163,-2.563
100296,70.1,73.413,-3.313
100297,85.4,84.041,1.359
100298,50.2,58.62,-8.42
100299,89.4,87.252,2.148
100300,72.0,72.659,-0.659
100301,62.7,61.707,0.993
100302,87.6,80.747,6.853
100303,84.9,86.949,-2.049
100304,85.0,83.293,1.707
100305,75.2,62.502,12.698
100306,83.8,81.429,2.371
100307,41.6,42.978,-1.378
100308,70.1,81.489,-11.389
100309,78.0,77.936,0.064
100310,76.1,79.248,-3.148
100311,82.9,83.271,-0.371
100312,50.3,57.779,-7.479
100313,55.3,50.108,5.192
100314,56.2,60.466,-4.266
100315,74.0,81.696,-7.696
100316,32.4,43.499,-11.099
100317,100.0,93.044,6.956
100318,69.3,70.576,-1.276
100319,32.2,59.972,-27.772
100320,58.0,57.451,0.549
100321,75.8,67.256,8.544
100322,80.1,76.941,3.159
100323,52.7,56.537,-3.837
100324,86.1,86.291,-0.191
100325,82.4,81.342,1.058
100326,72.3,76.393,-4.093
100327,77.4,74.706,2.694
100328,81.9,83.546,-1.646
100329,73.0,68.004,4.996
100330,76.8,81.166,-4.366
100331,64.8,76.549,-11.749
100332,69.9,75.409,-5.509
100333,64.4,79.141,-14.741
100334,46.9,54.944,-8.044
100335,92.4,82.946,9.454
100336,68.2,73.003,-4.803
100337,70.2,77.346,-7.146
100338,90.2,86.759,3.441
100339,63.4,63.162,0.238
100340,62.0,61.839,0.161
100341,50.0,57.621,-7.621
100342,95.4,97.492,-2.092
100343,87.3,80.963,6.337
100344,100.0,94.027,5.973
100345,100.0,94.676,5.324
100346,74.2,73.005,1.195
100347,87.9,89.33,-1.43
100348,79.9,83.135,-3.235
100349,72.8,79.392,-6.592
100350,90.4,76.68,13.72
100351,77.3,74.263,3.037
100352,64.6,66.764,-2.164
100353,70.2,52.446,17.754
100354,72.2,67.827,4.373
100355,75.4,77.453,-2.053
100356,83.4,82.455,0.945
100357,84.4,81.698,2.702
100358,72.2,76.026,-3.826
100359,79.7,85.466,-5.766
100360,82.8,72.499,10.301
100361,57.5,70.347,-12.847
100362,71.8,78.193,-6.393
100363,70.0,79.527,-9.527
100364,68.1,69.043,-0.943
100365,71.8,66.428,5.372
100366,88.2,90.971,-2.771
100367,62.5,56.657,5.843
100368,79.0,85.306,-6.306
100369,67.5,80.636,-13.136
100370,76.9,84.32,-7.42
100371,73.3,77.74,-4.44
100372,84.7,83.846,0.854
100373,90.5,96.666,-6.166
100374,51.9,60.306,-8.406
100375,81.8,83.621,-1.821
100376,50.3,58.119,-7.819
100377,81.0,79.729,1.271
100378,61.0,62.391,-1.391
100379,78.7,73.191,5.509
100380,56.9,61.205,-4.305
100381,68.4,64.547,3.853
100382,77.7,79.411,-1.711
100383,34.4,36.274,-1.874
100384,68.6,69.734,-1.134
100385,55.9,59.53,-3.63
100386,79.9,67.777,12.123
100387,73.2,74.813,-1.613
100388,69.6,65.134,4.466
100389,46.9,57.203,-10.303
100390,90.5,86.763,3.737
100391,82.9,83.223,-0.323
100392,60.8,63.191,-2.391
100393,95.5,86.613,8.887
100394,47.9,59.823,-11.923
100395,72.3,77.6,-5.3
100396,84.3,88.318,-4.018
100397,55.4,58.271,-2.871
100398,85.7,82.793,2.907
100399,47.7,57.337,-9.637
100400,76.8,85.198,-8.398
100401,49.2,48.306,0.894
100402,71.0,83.79,-12.79
100403,82.6,82.716,-0.116
100404,67.4,68.361,-0.961
100405,68.8,71.27,-2.47
100406,68.1,79.343,-11.243
100407,86.8,89.103,-2.303
100408,91.5,84.979,6.521
100409,74.6,70.019,4.581
100410,83.9,82.407,1.493
100411,84.4,72.317,12.083
100412,58.4,58.733,-0.333
100413,53.8,58.886,-5.086
100414,54.9,52.808,2.092
100415,73.6,75.283,-1.683
100416,62.8,75.026,-12.226
100417,63.2,68.595,-5.395
100418,87.9,76.356,11.544
100419,64.3,64.723,-0.423
100420,55.5,66.032,-10.532
100421,83.0,86.009,-3.009
100422,100.0,97.977,2.023
100423,67.9,75.322,-7.422
100424,56.7,54.196,2.504
100425,79.3,74.751,4.549
100426,50.2,57.404,-7.204
100427,68.1,81.577,-13.477
100428,67.3,79.875,-12.575
100429,84.9,79.855,5.045
100430,95.6,92.634,2.966
100431,68.7,70.832,-2.132
100432,61.9,58.305,3.595
100433,71.6,75.489,-3.889
100434,71.8,65.543,6.257
100435,74.2,73.653,0.547
100436,87.5,88.199,-0.699
100437,96.3,94.32,1.98
100438,56.4,57.468,-1.068
100439,87.6,84.75,2.85
100440,78.0,76.698,1.302
100441,85.6,94.607,-9.007
100442,64.9,65.077,-0.177
100443,70.7,74.869,-4.169
100444,66.6,62.882,3.718
100445,75.5,81.134,-5.634
100446,80.2,79.722,0.478
100447,74.0,72.883,1.117
100448,72.6,83.402,-10.802
100449,67.9,69.101,-1.201
100450,88.8,84.068,4.732
100451,73.9,62.071,11.829
100452,63.8,64.294,-0.494
100453,60.1,65.257,-5.157
100454,82.0,80.058,1.942
100455,72.5,73.3,-0.8
100456,79.2,80.858,-1.658
100457,87.6,87.516,0.084
100458,72.8,66.283,6.517
100459,83.8,90.193,-6.393
100460,58.3,63.648,-5.348
100461,77.5,84.567,-7.067
100462,66.1,72.29,-6.19
100463,54.1,55.232,-1.132
100464,63.7,68.082,-4.382
100465,79.9,78.0,1.9
100467,80.5,74.749,5.751
100468,78.0,71.66,6.34
100469,74.4,70.599,3.801
100470,69.1,66.264,2.836
100471,84.2,79.457,4.743
100472,100.0,93.342,6.658
100473,87.6,85.638,1.962
100474,97.2,92.323,4.877
100475,77.7,73.485,4.215
100476,71.3,72.784,-1.484
100477,55.1,59.751,-4.651
100478,42.9,54.353,-11.453
100479,100.0,94.323,5.677
100480,83.3,80.352,2.948
100481,71.6,65.977,5.623
100482,72.1,74.65,-2.55
100483,86.7,78.25,8.45
100484,74.6,69.447,5.153
100485,70.5,62.845,7.655
100486,78.8,88.445,-9.645
100487,76.0,89.508,-13.508
100488,85.7,80.438,5.262
100489,86.0,85.06,0.94
100490,67.7,70.839,-3.139
100491,96.7,82.685,14.015
100492,79.2,84.226,-5.026
100493,67.3,65.852,1.448
100494,49.3,61.612,-12.312
100495,84.9,82.727,2.173
100496,72.6,62.883,9.717
100497,76.5,59.031,17.469
100498,91.8,91.003,0.797
100499,54.2,58.175,-3.975
100500,79.4,73.423,5.977
100501,92.7,86.937,5.763
100502,81.5,80.118,1.382
100503,66.1,65.06,1.04
100504,77.3,76.136,1.164
100505,95.4,94.586,0.814
100506,71.1,67.45,3.65
100507,82.4,82.753,-0.353
100508,80.7,74.565,6.135
100509,64.2,53.124,11.076
100510,69.5,76.752,-7.252
100511,83.2,78.369,4.831
100512,82.0,82.819,-0.819
100513,67.3,71.774,-4.474
100514,70.2,58.319,11.881
100515,87.8,87.951,-0.151
100516,69.9,67.849,2.051
100517,76.4,75.369,1.031
100518,74.4,67.008,7.392
100519,58.3,62.398,-4.098
100520,82.0,76.144,5.856
100521,77.8,73.641,4.159
100522,77.6,75.001,2.599
100523,62.9,66.604,-3.704
100524,70.9,76.049,-5.149
100525,57.1,55.188,1.912
100526,68.9,72.142,-3.242
100527,68.6,70.654,-2.054
100528,57.9,68.372,-10.472
100529,57.2,55.422,1.778
100530,72.0,66.224,5.776
100531,70.2,76.99,-6.79
100532,65.6,79.916,-14.316
100533,73.8,67.219,6.581
100534,59.4,61.45,-2.05
100535,63.5,59.056,4.444
100536,96.0,91.006,4.994
100537,60.3,59.919,0.381
100538,54.6,64.761,-10.161
100539,93.9,91.908,1.992
100541,78.0,83.892,-5.892
100542,84.1,75.818,8.282
100543,64.3,70.006,-5.706
100544,84.8,78.529,6.271
100545,97.1,88.295,8.805
100546,66.2,72.007,-5.807
100547,62.2,72.057,-9.857
100548,72.5,73.855,-1.355
100549,67.5,68.005,-0.505
100550,86.7,83.755,2.945
100551,77.6,70.464,7.136
100552,87.9,90.298,-2.398
100553,83.6,75.289,8.311
100554,78.4,85.494,-7.094
100555,71.9,57.819,14.081
100556,84.7,73.517,11.183
100557,77.1,79.078,-1.978
100558,74.9,72.528,2.372
100559,82.0,70.915,11.085
100560,86.0,80.257,5.743
100561,78.0,71.276,6.724
100562,60.5,62.55,-2.05
100563,56.9,66.373,-9.473
100564,68.4,71.441,-3.041
100565,53.7,58.437,-4.737
100566,69.0,73.226,-4.226
100567,78.1,75.245,2.855
100568,94.6,90.811,3.789
100569,54.3,59.785,-5.485
100570,61.3,49.452,11.848
100571,56.2,70.481,-14.281
100572,66.3,61.746,4.554
100573,73.6,68.987,4.613
100574,68.7,70.108,-1.408
100575,87.7,91.464,-3.764
100576,84.5,85.374,-0.874
100577,81.3,75.861,5.439
100578,67.4,66.24,1.16
100579,70.5,62.479,8.021
100580,99.1,96.346,2.754
100581,66.4,73.255,-6.855
100582,100.0,99.868,0.132
100583,70.5,69.645,0.855
100584,88.9,87.391,1.509
100585,72.6,73.034,-0.434
100586,92.3,72.327,19.973
100587,90.2,93.006,-2.806
100588,78.7,74.192,4.508
100589,77.7,86.439,-8.739
100590,93.9,92.623,1.277
100591,61.8,69.282,-7.482
100592,100.0,90.049,9.951
100593,100.0,72.448,27.552
100594,57.3,43.593,13.707
100595,60.3,68.163,-7.863
100596,78.0,83.318,-5.318
100597,100.0,89.702,10.298
100598,92.6,87.807,4.793
100599,43.3,41.231,2.069
100600,73.9,74.704,-0.804
100601,100.0,97.559,2.441
100602,73.7,68.619,5.081
100603,78.0,71.006,6.994
100604,98.0,90.045,7.955
100605,87.0,88.383,-1.383
100606,69.7,77.42,-7.72
100607,70.1,67.122,2.978
100608,65.7,64.23,1.47
100609,57.9,66.193,-8.293
100610,58.6,62.508,-3.908
100611,100.0,98.267,1.733
100612,80.4,74.94,5.46
100613,74.2,65.031,9.169
100614,100.0,86.17,13.83
100615,95.4,78.809,16.591
100616,84.4,77.298,7.102
100617,71.3,64.187,7.113
100618,80.8,67.362,13.438
100619,87.6,90.181,-2.581
100620,70.2,82.236,-12.036
100621,62.3,58.819,3.481
100622,29.5,38.281,-8.781
100623,67.5,64.07,3.43
100624,81.8,83.6,-1.8
100625,67.2,67.857,-0.657
100626,72.2,68.686,3.514
100627,38.1,53.823,-15.723
100628,73.7,74.862,-1.162
100629,81.5,80.455,1.045
100630,94.1,94.205,-0.105
100631,48.0,40.697,7.303
100632,45.3,55.141,-9.841
100633,54.6,58.632,-4.032
100634,72.4,73.139,-0.739
100635,71.6,69.864,1.736
100636,100.0,88.605,11.395
100637,93.0,90.273,2.727
100638,47.7,52.515,-4.815
100639,57.2,68.734,-11.534
100640,59.2,80.529,-21.329
100641,100.0,98.375,1.625
100642,81.7,78.03,3.67
100643,93.8,84.492,9.308
100644,60.9,65.348,-4.448
100645,46.3,45.128,1.172
100646,64.2,55.414,8.786
100647,86.3,83.933,2.367
100648,100.0,98.36,1.64
100649,77.7,80.881,-3.181
100650,86.1,85.048,1.052
100651,70.8,78.317,-7.517
100652,82.5,84.443,-1.943
100653,76.9,72.985,3.915
100654,64.1,64.055,0.045
100655,55.7,58.719,-3.019
100656,91.3,92.19,-0.89
100657,67.8,69.307,-1.507
100658,63.7,68.262,-4.562
100659,68.4,63.166,5.234
100660,78.7,70.931,7.769
100661,94.9,86.857,8.043
100662,72.9,71.658,1.242
100663,71.7,64.529,7.171
100664,79.6,74.193,5.407
100665,79.3,77.786,1.514
100666,64.2,58.981,5.219
100667,70.0,56.454,13.546
100668,78.3,80.194,-1.894
100669,64.7,64.824,-0.124
100670,71.3,64.343,6.957
100671,78.3,72.095,6.205
100672,61.3,62.107,-0.807
100673,99.8,81.378,18.422
100674,80.2,78.687,1.513
100675,100.0,96.536,3.464
100676,89.6,89.995,-0.395
100677,82.7,77.091,5.609
100678,74.4,82.984,-8.584
100679,100.0,95.657,4.343
100680,97.6,89.279,8.321
100681,59.8,67.503,-7.703
100682,72.2,68.382,3.818
100683,64.6,72.43,-7.83
100684,99.8,96.436,3.364
100685,71.7,73.141,-1.441
100686,70.8,75.504,-4.704
100687,45.6,47.159,-1.559
100688,78.6,71.366,7.234
100689,97.0,95.179,1.821
100690,82.5,89.404,-6.904
100691,72.3,80.808,-8.508
100692,78.8,71.311,7.489
100693,87.7,76.585,11.115
100694,76.8,74.634,2.166
100695,83.5,83.477,0.023
100696,55.1,69.684,-14.584
100697,67.9,80.547,-12.647
100698,78.6,89.629,-11.029
100699,77.0,77.807,-0.807
100700,84.4,87.172,-2.772
100701,55.7,55.61,0.09
100702,73.8,74.292,-0.492
100703,87.5,78.916,8.584
100704,49.0,56.383,-7.383
100705,91.4,82.286,9.114
100706,60.6,58.743,1.857
100707,90.6,80.323,10.277
100708,88.4,87.932,0.468
100709,67.8,74.509,-6.709
100710,64.8,67.558,-2.758
100711,74.0,70.194,3.806
100712,68.0,69.284,-1.284
100713,87.7,78.858,8.842
100714,45.7,61.764,-16.064
100715,96.6,96.463,0.137
100716,62.8,64.372,-1.572
100717,84.6,82.454,2.146
100718,74.7,92.016,-17.316
100719,75.5,72.828,2.672
100720,67.4,71.385,-3.985
100721,74.3,80.443,-6.143
100722,58.4,56.649,1.751
100723,82.5,76.798,5.702
100724,50.0,60.191,-10.191
100725,80.6,81.458,-0.858
100726,59.1,62.018,-2.918
100727,72.4,75.684,-3.284
100728,84.9,79.978,4.922
100729,94.5,84.343,10.157
100730,76.2,73.044,3.156
100731,64.7,61.155,3.545
100732,90.9,86.673,4.227
100733,72.2,73.013,-0.813
100734,66.6,61.463,5.137
100735,75.5,79.311,-3.811
100736,59.1,62.812,-3.712
100737,74.2,84.159,-9.959
100738,58.7,54.773,3.927
100739,94.0,93.783,0.217
100740,63.6,68.639,-5.039
100741,65.7,67.184,-1.484
100742,83.0,87.116,-4.116
100743,67.7,71.603,-3.903
100744,79.5,69.367,10.133
100745,71.4,78.143,-6.743
100747,55.5,58.159,-2.659
100748,38.1,47.257,-9.157
100749,89.1,86.494,2.606
100750,70.3,68.885,1.415
100751,73.2,81.713,-8.513
100752,69.5,72.865,-3.365
100753,53.0,64.719,-11.719
100754,73.3,75.295,-1.995
100755,80.9,71.148,9.752
100756,77.5,77.301,0.199
100757,65.3,71.817,-6.517
100758,53.3,57.964,-4.664
100759,74.3,76.188,-1.888
100760,85.0,84.141,0.859
100761,74.0,80.503,-6.503
100762,92.9,81.116,11.784
100763,65.9,58.776,7.124
100764,92.0,81.879,10.121
100765,73.6,73.823,-0.223
100767,62.7,66.027,-3.327
100768,79.3,77.608,1.692
100769,82.6,83.508,-0.908
100770,46.2,58.662,-12.462
100771,91.3,90.414,0.886
100772,85.6,89.634,-4.034
100773,69.6,71.671,-2.071
100774,60.3,62.596,-2.296
100775,52.7,59.159,-6.459
100776,95.6,89.417,6.183
100777,72.2,81.333,-9.133
100778,61.7,64.802,-3.102
100780,77.5,73.209,4.291
100781,77.0,78.977,-1.977
100782,100.0,91.151,8.849
100783,73.5,72.69,0.81
100784,65.2,58.569,6.631
100785,90.4,90.648,-0.248
100786,66.9,60.931,5.969
100787,83.1,82.293,0.807
100788,92.4,85.091,7.309
100789,90.0,87.411,2.589
100790,46.2,36.619,9.581
100791,63.4,76.493,-13.093
100792,74.2,74.863,-0.663
100793,60.0,69.919,-9.919
100794,68.8,73.958,-5.158
100795,62.5,64.062,-1.562
100796,81.8,61.362,20.438
100797,78.3,70.352,7.948
100798,96.2,89.594,6.606
100799,81.8,88.743,-6.943
100800,68.3,60.622,7.678
100801,50.8,55.118,-4.318
100802,78.0,77.56,0.44
100803,79.4,83.325,-3.925
100804,77.7,83.11,-5.41
100805,79.6,74.489,5.111
100806,40.6,69.53,-28.93
100807,58.0,65.723,-7.723
100808,86.5,86.307,0.193
100809,78.6,77.64,0.96
100810,74.2,75.704,-1.504
100811,72.8,70.176,2.624
100812,50.9,59.789,-8.889
100813,74.7,74.033,0.667
100814,86.1,90.19,-4.09
100815,82.3,85.011,-2.711
100816,72.8,69.445,3.355
100817,83.5,78.715,4.785
100818,70.4,79.662,-9.262
100819,60.8,70.606,-9.806
100820,72.5,76.253,-3.753
100821,73.7,77.46,-3.76
100822,60.6,54.532,6.068
100823,61.7,59.775,1.925
100824,64.4,55.694,8.706
100825,59.6,61.323,-1.723
100826,87.9,78.123,9.777
100827,85.8,86.869,-1.069
100828,88.6,89.203,-0.603
100829,79.6,79.782,-0.182
100830,78.1,86.789,-8.689
100831,84.7,83.669,1.031
100832,87.8,78.945,8.855
100833,77.2,80.018,-2.818
100834,65.9,63.255,2.645
100835,72.1,81.231,-9.131
100836,94.6,96.64,-2.04
100837,69.3,63.341,5.959
100838,69.6,73.429,-3.829
100839,77.7,85.024,-7.324
100840,60.2,66.566,-6.366
100841,83.0,80.457,2.543
100842,64.6,61.223,3.377
100843,80.0,78.864,1.136
100844,78.4,73.527,4.873
100845,65.2,63.907,1.293
100846,82.4,72.483,9.917
100847,70.4,71.261,-0.861
100848,69.1,66.609,2.491
100849,74.4,79.727,-5.327
100850,99.6,88.017,11.583
100851,82.7,86.804,-4.104
100852,74.7,70.382,4.318
100853,62.2,65.583,-3.383
100854,64.5,75.697,-11.197
100855,100.0,99.389,0.611
100856,91.8,80.209,11.591
100857,43.7,45.209,-1.509
100858,81.3,80.292,1.008
100859,68.5,68.147,0.353
100860,92.7,78.53,14.17
100861,96.5,93.851,2.649
100862,82.3,80.451,1.849
100863,98.1,95.989,2.111
100864,72.4,78.463,-6.063
100865,74.0,74.782,-0.782
100866,69.4,78.129,-8.729
100867,41.1,63.674,-22.574
100868,87.6,91.249,-3.649
100869,68.5,61.558,6.942
100870,57.4,56.328,1.072
100871,69.5,71.057,-1.557
100872,65.1,69.666,-4.566
100873,59.8,53.918,5.882
100874,77.9,81.614,-3.714
100875,80.4,81.329,-0.929
100876,68.1,61.401,6.699
100877,96.7,94.763,1.937
100878,81.9,80.69,1.21
100879,72.0,68.074,3.926
100880,68.1,73.796,-5.696
100882,64.7,60.968,3.732
100883,75.8,71.123,4.677
100884,68.2,69.419,-1.219
100885,90.3,84.169,6.131
100886,86.2,71.068,15.132
100887,100.0,96.195,3.805
100888,59.6,52.72,6.88
100889,75.8,79.521,-3.721
100890,68.7,62.427,6.273
100891,72.3,70.871,1.429
100892,65.4,69.982,-4.582
100893,56.9,63.933,-7.033
100894,77.3,74.739,2.561
100895,71.0,66.541,4.459
100896,96.7,92.562,4.138
100897,78.5,74.384,4.116
100898,80.2,76.836,3.364
100899,86.2,86.0,0.2
100900,97.4,84.413,12.987
100901,47.3,63.716,-16.416
100902,93.4,84.048,9.352
100903,71.0,72.014,-1.014
100904,84.7,72.247,12.453
100905,64.0,67.909,-3.909
100906,86.6,90.217,-3.617
100907,62.6,67.139,-4.539
100908,77.4,75.66,1.74
100909,81.1,73.894,7.206
100910,73.5,71.48,2.02
100911,76.7,69.114,7.586
100912,70.8,69.013,1.787
100913,71.7,70.257,1.443
100914,52.9,49.473,3.427
100915,77.0,63.58,13.42
100916,66.4,49.534,16.866
100917,65.2,59.928,5.272
100918,24.8,41.207,-16.407
100919,59.4,69.95,-10.55
100920,56.8,59.806,-3.006
100921,79.3,87.169,-7.869
100922,91.6,93.75,-2.15
100923,65.3,69.282,-3.982
100924,65.5,69.763,-4.263
100925,56.3,67.276,-10.976
100926,72.5,66.189,6.311
100927,71.4,81.192,-9.792
100928,86.3,88.503,-2.203
100929,82.7,78.251,4.449
100930,66.2,57.929,8.271
100931,68.2,62.513,5.687
100932,80.4,74.541,5.859
100933,76.0,80.855,-4.855
100934,88.5,81.418,7.082
100935,100.0,97.894,2.106
100936,35.5,47.372,-11.872
100937,80.2,79.157,1.043
100938,58.2,62.227,-4.027
100939,100.0,90.162,9.838
100940,100.0,98.361,1.639
100941,48.9,60.716,-11.816
100942,84.9,79.138,5.762
100943,76.9,70.642,6.258
100944,59.9,67.609,-7.709
100945,81.0,85.039,-4.039
100946,61.5,65.461,-3.961
100947,59.1,56.419,2.681
100948,82.6,87.676,-5.076
100949,91.6,86.053,5.547
100950,68.9,68.503,0.397
100951,95.7,93.265,2.435
100952,80.2,79.286,0.914
100953,85.9,87.142,-1.242
100954,85.7,81.8,3.9
100955,90.9,88.628,2.272
100956,72.3,76.086,-3.786
100957,62.8,67.884,-5.084
100958,71.7,69.559,2.141
100959,58.1,62.245,-4.145
100960,61.7,66.088,-4.388
100961,78.7,76.758,1.942
100962,76.3,87.205,-10.905
100963,100.0,90.76,9.24
100964,85.8,80.615,5.185
100965,55.4,56.726,-1.326
100966,70.8,70.998,-0.198
100967,78.4,72.948,5.452
100968,58.6,69.437,-10.837
100969,90.4,82.617,7.783
100970,52.7,63.972,-11.272
100971,55.8,68.13,-12.33
100972,76.1,78.895,-2.795
100973,70.0,69.173,0.827
100974,67.9,74.302,-6.402
100975,79.3,75.88,3.42
100976,66.1,64.36,1.74
100977,97.1,96.616,0.484
100978,63.4,54.821,8.579
100979,85.6,79.099,6.501
100980,62.1,65.893,-3.793
100981,95.8,91.828,3.972
100982,73.1,68.514,4.586
100983,84.3,84.861,-0.561
100984,65.1,66.093,-0.993
100985,100.0,91.863,8.137
100986,88.5,84.417,4.083
100987,57.9,67.97,-10.07
100988,81.4,93.289,-11.889
100989,82.2,73.896,8.304
100990,90.3,88.562,1.738
100991,70.5,66.569,3.931
100992,78.8,80.486,-1.686
100993,71.7,75.069,-3.369
100994,83.0,75.571,7.429
100995,66.0,65.512,0.488
100996,87.9,82.335,5.565
100997,77.3,70.774,6.526
100998,73.1,68.238,4.862
100999,82.0,78.01,3.99
101000,65.1,65.809,-0.709
