ID,StudyHours,AttendancePercentage,PreviousExamScore,AssignmentsCompleted,SleepHours,ExtracurricularHours,ClassParticipation,PreviousBacklogs,PostExamConfidence,FinalExamScore
100001,4.0,84.5,71,100,6.8,2.7,1.3,1,6,82.0
100002,7.3,84.3,61,99,7.5,2.4,4.8,0,7,87.5
100003,4.8,55.4,50,63,8.1,0.4,7.1,1,1,62.4
100004,6.0,78.6,32,56,7.3,9.9,5.4,2,2,60.4
100005,3.2,77.8,41,60,,7.2,5.0,0,3,59.4
100006,2.4,93.1,78,86,4.1,3.3,9.1,1,4,70.9
100007,3.4,98.2,57,77,7.5,5.5,6.0,0,7,71.7
100008,4.0,74.7,83,79,5.9,4.7,7.2,0,6,85.4
100009,,74.5,79,84,6.7,0.9,4.7,0,7,80.5
100010,5.8,100.0,67,72,6.2,1.9,7.7,2,6,78.3
100011,3.8,70.8,53,71,6.1,4.8,3.4,3,3,35.2
100012,5.5,82.3,57,63,7.5,9.6,3.1,2,3,67.8
100013,5.5,81.4,55,60,7.1,6.4,1.2,4,1,51.9
100014,4.1,94.9,77,100,6.4,14.7,5.8,1,4,75.3
100015,6.5,86.6,86,78,7.6,1.9,9.2,0,10,93.9
100016,5.0,45.5,55,52,5.7,3.4,2.8,1,1,49.9
100017,3.7,73.7,65,74,7.3,1.9,3.5,1,3,70.0
100018,5.4,69.4,79,57,6.2,3.6,5.4,0,6,75.1
100019,5.0,83.3,,,7.3,8.2,4.9,0,6,73.2
100020,5.8,78.6,62,,7.2,5.8,5.1,0,3,81.1
100021,4.7,91.3,71,100,4.1,2.8,5.3,0,4,57.9
100022,1.9,63.2,55,63,8.0,7.5,1.9,1,1,44.0
100023,3.4,,52,65,8.6,6.9,4.3,2,2,55.8
100024,5.2,57.6,60,,8.4,2.0,,0,5,62.7
100025,4.1,88.0,41,86,6.8,11.7,2.5,2,7,60.5
100026,6.0,88.8,73,79,6.5,7.8,6.6,1,8,85.7
100027,6.9,88.9,95,90,7.1,5.7,8.2,0,10,100.0
100028,4.2,98.7,70,81,7.3,7.6,5.3,0,5,80.4
100029,5.4,93.4,87,88,5.9,0.5,4.5,0,6,91.8
100030,6.9,,34,81,8.3,4.5,5.6,0,5,72.0
100031,5.7,72.6,90,65,7.4,9.8,4.6,0,10,82.9
100032,2.7,81.3,71,82,7.5,2.0,5.5,4,2,46.6
100033,3.2,86.6,60,87,,0.6,5.8,2,3,63.0
100034,4.1,60.7,66,85,8.1,2.5,7.0,1,8,73.2
100035,5.7,85.8,77,86,,9.2,7.2,1,,78.2
100036,3.1,63.2,51,68,6.7,2.5,6.0,,1,65.2
100037,3.3,79.6,36,72,6.6,5.2,7.8,1,1,62.7
100038,3.7,69.3,84,70,7.4,14.7,0.0,0,6,73.9
100039,4.3,77.3,82,95,7.0,10.0,7.1,0,6,90.9
100040,3.4,84.4,70,76,7.3,3.6,6.1,0,2,85.1
100041,7.3,92.7,43,66,6.9,1.1,7.8,4,6,55.7
100042,5.1,97.7,71,92,7.7,15.8,5.9,0,10,92.9
100043,4.5,75.0,64,70,6.1,4.3,2.3,0,4,72.0
100044,3.2,88.0,72,96,7.7,2.3,6.1,0,7,92.5
100045,8.0,82.2,61,83,,4.6,5.7,1,4,87.2
100046,6.4,88.4,,74,7.3,6.2,5.9,2,6,80.5
100047,5.1,68.1,64,71,,7.0,3.1,2,1,59.0
100048,3.2,73.1,79,86,5.8,1.2,4.3,1,6,77.8
100049,3.1,72.2,65,79,7.5,3.4,7.9,1,2,68.0
100050,4.8,79.2,73,97,6.8,10.9,7.8,0,1,90.3
100051,5.0,79.2,37,94,8.2,2.1,8.8,4,3,55.9
100052,7.1,91.2,61,84,,5.2,9.1,0,7,93.6
100053,5.0,82.9,62,65,7.5,2.6,6.2,2,5,66.0
100054,5.3,85.8,80,93,5.9,3.8,5.4,0,9,82.3
100055,4.5,77.0,65,88,8.0,3.7,4.5,2,6,74.0
100056,3.4,62.1,50,53,6.6,3.5,2.0,4,2,50.6
100057,4.7,90.0,68,56,,2.7,4.2,0,10,78.6
100058,4.9,82.5,64,65,6.6,5.5,4.0,0,6,71.1
100059,7.1,69.0,59,96,4.8,4.7,6.2,0,8,64.9
100060,4.1,,72,,4.9,2.2,7.1,1,6,67.4
100061,6.0,80.2,68,66,6.5,9.2,7.4,1,10,74.9
100062,5.1,77.7,69,99,6.7,3.5,10.0,0,10,98.5
100063,6.0,92.0,87,96,6.7,3.1,5.9,1,9,100.0
100064,5.3,74.6,100,81,6.2,5.4,6.3,0,8,98.7
100065,4.4,,63,75,7.5,5.1,3.3,1,7,66.7
100066,4.0,81.5,,81,7.7,7.4,5.2,1,6,82.4
100067,6.0,81.0,100,89,6.5,3.3,5.4,0,8,90.3
100068,4.5,97.0,75,89,6.7,4.4,2.8,0,9,81.9
100069,3.9,59.5,42,71,7.8,5.7,5.7,1,4,60.5
100070,4.4,81.5,82,66,6.6,5.0,4.4,1,6,78.7
100071,4.7,59.7,78,73,6.7,2.4,4.2,0,7,78.8
100072,4.9,42.0,94,77,6.2,3.2,6.0,1,7,82.3
100073,1.6,,76,90,7.8,4.6,9.0,2,8,84.9
100074,6.2,81.6,,65,4.7,0.9,4.0,2,1,35.3
100075,4.3,82.9,84,59,7.2,9.5,6.4,1,7,83.9
100076,2.9,80.7,61,75,7.2,9.7,4.9,1,1,57.6
100077,4.8,84.6,49,71,6.1,5.6,2.4,1,5,57.6
100078,6.7,75.6,61,80,6.3,4.6,4.5,0,4,68.9
100079,4.3,52.1,79,69,6.1,7.2,5.4,0,4,74.9
100080,5.6,99.1,69,89,7.0,9.0,6.6,0,8,95.7
100081,6.2,74.9,59,60,6.5,5.6,6.5,3,4,60.9
100082,5.2,55.3,45,71,5.7,3.5,4.6,0,5,55.0
100083,5.1,,51,63,6.4,3.4,4.6,2,1,69.9
100084,5.7,78.9,76,89,6.6,6.3,5.9,0,7,81.9
100085,4.8,82.8,69,79,7.4,2.1,7.5,1,10,92.4
100086,6.8,70.4,51,,7.8,5.0,1.7,1,4,60.9
100087,6.2,74.5,56,80,8.3,1.5,9.4,1,4,73.9
100088,2.7,50.3,64,100,7.4,2.5,4.7,0,4,76.3
100089,3.2,84.7,74,,,19.5,5.7,0,8,80.6
100090,4.6,72.5,77,51,6.1,4.0,5.4,0,8,75.2
100091,0.9,56.9,63,96,7.4,8.4,4.8,0,4,64.3
100092,4.7,50.0,35,93,6.7,13.2,5.9,1,3,60.3
100093,5.1,84.4,85,79,9.2,3.4,8.2,0,9,84.1
100094,1.6,64.3,71,100,7.8,1.5,6.5,1,6,65.4
100095,4.2,76.7,52,77,7.4,3.1,5.7,,,66.2
100096,3.6,51.1,51,,6.9,8.8,7.1,0,4,67.7
100097,3.7,72.4,68,85,6.8,1.3,3.3,3,8,73.6
100098,6.2,85.8,59,69,6.2,1.2,5.6,1,5,69.1
100099,3.2,68.6,54,64,7.3,2.4,3.2,1,6,61.7
100100,4.8,75.4,51,86,5.9,,3.6,1,1,62.0
100101,4.0,75.7,67,100,6.5,5.4,2.0,1,4,77.8
100102,4.4,73.6,38,66,6.0,2.9,4.0,1,2,61.9
100103,4.5,56.5,43,70,7.7,3.9,6.0,1,1,59.0
100104,3.7,91.7,47,100,7.0,2.8,9.8,0,7,94.9
100105,3.6,75.1,44,91,7.1,7.7,8.3,1,,75.9
100106,5.1,71.2,78,79,7.5,,5.7,0,5,77.8
100107,2.7,69.1,29,,8.2,0.7,3.5,5,1,20.8
100108,6.2,98.4,65,92,9.3,8.8,,0,8,81.0
100109,3.0,48.2,65,69,6.6,4.7,6.5,1,1,63.0
100110,3.7,87.7,68,51,6.1,15.5,6.6,0,3,68.4
100111,4.7,78.0,64,77,5.9,4.4,5.3,2,9,63.3
100112,3.6,79.0,54,69,7.2,4.7,4.9,1,6,66.9
100113,2.6,79.8,,81,5.9,3.9,4.2,1,5,64.6
100114,6.1,87.0,59,77,6.6,3.3,3.8,2,1,58.1
100115,4.5,112.0,59,77,5.7,2.3,5.5,0,6,68.8
100116,6.6,62.8,57,88,7.0,3.0,7.7,2,6,74.3
100117,4.8,85.8,63,77,8.3,1.9,4.9,3,6,64.1
100118,3.8,81.3,73,67,6.3,5.0,3.5,0,6,70.6
100119,6.4,79.5,78,96,6.5,3.3,6.8,0,6,97.5
100120,3.7,47.6,66,69,7.2,1.0,4.4,0,6,70.6
100121,5.1,67.9,86,80,6.8,4.7,5.0,0,8,90.6
100122,5.5,82.7,100,79,6.8,11.9,6.2,0,10,89.1
100123,3.4,64.9,72,84,8.3,4.5,2.2,0,3,70.2
100124,4.3,80.3,86,91,9.1,2.5,5.8,0,4,80.9
100125,4.7,,93,69,6.2,1.6,5.4,0,8,84.4
100126,4.3,78.0,36,81,5.8,3.5,5.3,2,1,47.0
100127,4.3,84.9,70,75,6.8,1.0,3.4,1,1,64.3
100128,6.1,73.9,77,78,7.3,2.3,5.9,0,10,83.6
100129,6.6,49.1,67,99,4.7,2.5,5.2,1,3,67.9
100130,3.6,87.8,65,86,6.9,19.2,7.1,0,4,78.9
100131,6.8,96.1,57,91,7.4,8.8,6.6,0,8,84.1
100132,,83.3,57,75,5.7,12.6,6.9,3,7,71.5
100133,7.7,81.2,99,84,8.0,1.0,9.0,1,10,100.0
100134,3.5,82.5,71,76,5.6,7.0,3.4,2,7,70.7
100135,3.1,76.8,100,71,5.3,8.6,4.2,0,3,73.0
100136,4.2,78.9,74,69,7.8,5.5,3.3,0,6,69.1
100137,3.7,74.0,74,61,8.4,8.1,6.8,1,2,67.9
100138,4.4,72.8,58,66,7.6,5.7,0.5,5,1,25.3
100139,3.4,92.6,81,82,5.0,7.4,4.5,0,5,66.0
100140,2.1,86.6,54,89,9.0,1.4,5.8,0,6,59.2
100141,2.5,74.4,89,81,5.5,2.1,2.2,0,6,71.5
100142,4.5,79.2,75,71,7.6,3.0,4.7,0,3,79.7
100143,7.6,79.6,61,72,7.2,2.3,6.0,0,3,82.9
100144,3.7,80.2,94,89,7.6,9.1,4.1,0,,80.8
100145,5.2,59.5,59,67,9.8,14.4,3.4,2,1,59.7
100146,3.0,91.5,,54,4.2,5.4,3.9,1,5,61.7
100147,5.2,89.6,58,78,7.8,9.3,6.1,1,10,79.4
100148,4.7,65.6,68,90,,,1.6,3,2,69.0
100149,5.0,83.9,49,70,6.4,4.8,5.4,2,8,65.6
100150,8.0,84.0,79,91,7.7,5.2,4.4,0,9,95.3
100151,4.4,74.6,61,83,8.5,9.0,4.7,0,3,70.4
100152,5.5,94.2,87,73,3.5,5.4,8.5,0,8,63.1
100153,8.6,80.7,53,64,6.5,7.8,5.4,1,8,67.2
100154,6.2,91.0,89,56,,3.2,6.4,0,10,94.7
100155,7.4,89.0,90,84,7.8,2.5,4.5,0,8,93.6
100156,6.2,72.7,53,75,7.1,2.2,6.0,2,6,69.2
100157,4.9,84.5,,71,7.0,8.3,4.5,0,10,80.5
100158,1.8,75.5,,66,7.5,2.2,2.2,2,4,60.7
100159,6.5,94.1,66,80,6.2,5.3,6.6,0,6,81.4
100160,7.4,71.6,41,55,7.0,4.9,,1,3,52.6
100161,3.5,74.6,77,62,6.0,6.6,5.2,1,2,73.1
100162,2.5,53.9,86,88,5.0,4.2,3.5,1,4,64.8
100163,1.5,69.2,,94,7.7,12.7,1.2,2,7,62.3
100164,,72.9,52,65,6.6,9.1,3.4,2,4,63.4
100165,2.2,84.8,59,92,6.8,1.3,4.6,1,7,79.0
100166,3.9,77.3,83,76,6.8,4.6,5.2,0,8,79.8
100167,5.8,73.6,69,61,,4.6,3.1,4,,56.1
100168,4.4,78.6,40,51,7.9,2.0,0.6,5,1,25.9
100169,6.2,95.2,74,94,7.6,5.1,4.9,0,4,79.8
100170,5.6,56.0,67,58,6.3,0.9,2.1,1,5,69.3
100171,4.9,99.9,49,100,6.5,3.8,4.8,0,8,71.9
100172,3.5,79.0,74,68,7.2,5.3,6.5,0,9,77.4
100173,5.8,88.8,75,77,7.2,0.1,6.7,0,4,89.9
100174,4.7,75.8,52,72,6.7,6.6,4.5,2,6,71.8
100175,4.8,69.0,39,64,8.8,2.7,7.1,0,6,62.8
100176,1.7,85.7,60,78,7.0,5.8,3.1,0,4,74.2
100177,4.7,80.2,77,80,7.7,20.0,3.0,0,10,79.5
100178,1.8,92.7,72,87,7.5,0.3,6.5,0,5,79.3
100179,3.9,91.3,73,92,,3.0,4.3,,6,80.3
100180,3.4,88.3,60,81,7.2,10.2,3.3,2,7,72.9
100181,4.5,91.6,32,,6.0,11.2,3.9,2,5,51.1
100182,5.3,84.3,86,86,7.7,2.8,5.6,0,8,91.0
100183,5.6,63.5,80,65,6.0,8.9,6.4,0,5,73.6
100184,2.6,85.1,48,59,5.8,9.6,,1,4,62.4
100185,4.0,85.0,43,58,5.7,2.8,4.8,2,1,51.8
100186,8.0,67.9,49,77,6.3,1.6,5.3,1,4,64.4
100187,4.9,67.8,63,60,,5.5,3.6,1,3,71.9
100188,1.0,75.8,95,80,6.1,6.9,4.6,0,5,75.2
100189,7.0,48.8,63,65,,0.8,3.8,0,3,66.9
100190,3.7,86.4,74,85,6.0,3.8,4.7,0,7,79.9
100191,5.6,89.9,63,97,6.8,5.6,7.6,0,7,90.5
100192,3.2,69.2,52,74,7.9,1.2,2.0,1,6,64.9
100193,6.1,95.7,68,72,,1.2,7.7,1,7,84.3
100194,5.8,80.1,58,63,6.0,1.6,7.1,1,5,70.1
100195,4.3,85.6,53,98,6.0,2.8,,1,,74.5
100196,5.4,74.4,84,100,7.2,3.1,3.3,0,6,95.3
100197,4.2,88.4,61,,7.5,3.0,6.1,0,7,84.9
100198,,85.3,57,83,7.4,2.4,7.0,1,7,82.4
100199,4.1,88.1,29,80,6.1,16.6,4.4,4,1,40.9
100200,3.1,82.6,51,94,7.1,1.4,5.0,2,7,68.2
100201,5.0,88.1,85,90,7.8,6.7,5.7,0,9,90.1
100202,5.6,62.7,46,59,6.1,6.6,4.6,1,1,58.4
100203,5.1,78.5,58,76,6.5,4.1,3.0,1,5,63.4
100204,5.1,94.2,86,89,6.5,3.8,6.0,0,5,94.8
100205,1.6,88.9,72,68,6.1,12.7,8.8,0,6,75.0
100206,4.7,80.5,87,97,7.2,4.0,6.9,0,7,100.0
100207,2.7,73.0,63,68,7.6,4.3,4.1,0,6,63.1
100208,6.7,93.0,84,69,7.6,10.2,7.0,0,10,100.0
100209,6.4,70.7,75,64,6.7,11.9,6.4,0,4,81.1
100210,9.1,73.0,69,86,4.6,5.5,7.0,1,8,70.8
100211,2.6,85.3,46,87,5.8,2.5,1.5,2,4,52.7
100212,1.7,72.8,,81,6.7,6.6,3.2,0,3,65.3
100213,1.6,75.8,45,90,6.7,6.9,8.1,2,1,60.8
100214,5.9,93.2,70,86,8.0,3.2,3.1,0,7,80.3
100215,3.9,93.3,80,90,5.9,2.6,3.6,0,7,81.3
100216,4.4,95.2,66,67,6.7,12.2,7.7,1,4,78.4
100217,5.4,90.9,74,91,8.2,6.8,4.1,0,10,88.2
100218,1.7,72.4,70,70,6.0,1.6,5.5,1,4,58.0
100219,3.6,65.9,83,100,9.4,3.7,5.3,0,2,71.5
100220,5.1,86.4,62,78,5.7,3.2,5.2,1,5,62.9
100221,6.7,74.3,58,,7.4,3.2,1.5,0,5,67.5
100222,6.3,82.7,58,92,4.8,3.9,5.9,0,5,81.2
100223,5.1,91.2,70,86,6.5,6.7,7.1,0,7,85.0
100224,5.0,84.0,53,66,5.8,0.7,3.3,1,5,62.0
100225,4.8,96.5,92,82,6.8,4.1,6.3,0,3,87.5
100226,2.8,74.6,71,64,8.2,2.6,3.1,2,3,66.0
100227,-1.0,56.8,60,55,5.9,7.3,5.6,4,1,39.6
100228,6.1,83.0,56,64,6.8,8.1,6.6,4,5,46.8
100229,5.0,51.1,32,76,8.0,3.4,3.4,2,4,56.9
100230,5.8,65.6,45,80,6.3,0.3,8.7,4,,49.9
100231,4.3,63.8,50,73,6.6,7.8,3.1,1,6,72.2
100232,3.9,93.1,54,78,7.0,4.2,5.3,2,5,72.6
100233,6.3,63.2,77,63,7.1,5.6,4.2,0,4,79.4
100234,4.2,88.4,76,71,7.5,5.4,5.8,1,7,77.3
100235,1.3,82.1,44,99,6.5,17.6,3.7,2,5,45.7
100236,3.0,83.7,75,96,6.1,4.4,5.6,1,10,85.4
100237,4.1,73.1,150,77,,0.6,3.1,1,4,64.7
100238,4.2,93.8,,100,6.0,0.8,,1,6,87.1
100239,5.2,90.8,77,99,6.5,3.5,5.0,0,8,89.1
100240,4.6,64.5,70,100,6.0,8.7,4.9,0,9,87.9
100241,2.5,78.7,68,53,6.1,4.4,2.2,3,2,46.1
100242,2.4,75.0,90,61,7.0,1.6,7.6,0,,81.2
100243,2.7,81.4,58,56,7.2,4.8,2.0,1,4,69.7
100244,4.2,77.0,48,100,8.2,2.5,,4,5,56.7
100245,5.2,86.6,66,80,7.2,7.5,,0,1,72.3
100246,6.7,93.7,85,67,6.7,4.6,7.2,0,8,94.4
100247,6.0,81.6,68,63,4.4,3.9,6.6,0,4,57.5
100248,4.5,80.2,41,100,25.0,5.2,4.3,2,6,51.2
100249,4.5,77.5,89,77,7.4,4.0,5.9,0,9,92.4
100250,5.2,65.0,70,73,6.6,13.5,4.7,1,7,75.3
100251,3.5,75.8,100,98,8.1,5.8,3.9,0,4,90.6
100252,5.2,81.1,79,92,6.5,12.8,3.6,0,8,88.5
100253,2.8,79.1,44,78,7.0,15.8,3.5,2,,55.5
100254,4.6,41.7,73,,6.4,5.1,4.2,1,6,80.0
100255,6.9,83.8,80,81,7.0,2.6,7.1,,8,90.2
100256,5.4,95.0,86,78,6.9,4.5,,0,5,87.3
100257,3.9,100.0,93,81,6.8,1.9,8.2,0,6,100.0
100258,,99.0,84,77,8.5,0.2,3.2,0,6,86.0
100259,3.3,83.7,66,95,7.1,8.3,4.8,0,6,76.8
100260,5.5,65.6,55,66,8.4,5.8,7.2,3,5,54.0
100261,4.0,75.7,70,82,6.4,,7.2,1,7,85.0
100262,4.4,72.4,94,90,7.3,2.6,5.8,1,5,81.8
100263,2.0,81.5,74,59,,2.9,0.4,0,,70.6
100264,4.3,75.5,97,88,7.5,6.9,7.4,0,7,95.5
100265,7.1,73.1,60,94,6.9,,,2,8,78.3
100266,4.0,71.0,57,78,6.2,,6.7,0,8,73.1
100267,6.2,91.7,76,95,7.7,20.0,7.9,0,6,95.8
100268,6.5,43.9,70,74,6.2,4.3,2.2,1,,73.2
100269,2.3,81.5,85,82,6.9,0.6,6.0,0,3,81.8
100270,5.0,78.3,57,79,8.1,,3.9,0,7,73.0
100271,1.3,99.4,71,90,7.1,2.2,2.3,1,,64.3
100272,6.1,77.7,,94,5.7,9.4,3.1,0,6,88.5
100273,6.9,84.2,43,68,6.8,1.6,2.8,2,1,46.7
100274,4.9,58.4,46,76,7.1,10.0,9.5,5,1,30.4
100275,4.4,80.9,59,67,6.9,1.1,6.2,0,2,76.3
100276,2.0,83.1,66,59,9.5,5.3,2.3,3,1,38.8
100277,3.3,71.5,50,67,6.5,3.1,2.9,2,6,56.2
100278,1.5,57.8,55,70,7.2,4.8,4.0,1,7,61.4
100279,3.5,75.5,79,81,6.3,6.4,6.4,1,9,84.1
100280,6.8,86.6,89,91,5.5,3.5,6.0,0,,88.5
100281,4.1,86.2,52,50,6.9,5.9,4.6,4,5,43.5
100282,4.9,44.0,67,89,7.3,3.8,5.3,0,6,79.9
100283,4.0,,87,77,5.8,10.5,2.9,0,,81.6
100284,8.7,65.5,91,74,6.9,6.2,6.8,0,10,98.5
100285,1.6,74.2,61,64,6.9,7.9,5.1,3,2,53.9
100286,7.0,87.4,83,100,8.3,6.8,8.7,0,,100.0
100287,6.5,83.1,68,78,5.2,2.5,8.4,0,9,82.8
100288,4.8,75.3,57,75,6.8,2.5,4.7,0,,79.4
100289,4.7,47.8,73,83,6.5,1.2,3.0,0,,72.0
100290,4.7,68.8,59,87,6.7,3.5,4.9,0,4,76.9
100291,5.7,85.4,57,78,7.8,2.8,6.9,0,10,72.2
100292,5.2,91.0,61,73,5.3,0.8,9.5,0,10,79.3
100293,4.5,68.1,38,76,6.5,1.9,5.0,2,1,55.5
100294,5.5,99.9,60,68,7.9,4.3,8.6,2,8,86.4
100295,3.4,87.5,39,74,5.9,1.7,6.5,2,2,56.6
100296,6.0,82.8,56,91,6.3,17.4,6.7,1,4,70.1
100297,2.5,86.6,74,92,6.6,6.9,7.0,1,10,85.4
100298,8.6,86.1,48,80,6.1,1.2,3.5,2,4,50.2
100299,4.4,82.4,95,83,6.9,12.5,4.2,0,10,89.4
100300,3.1,79.9,50,86,,1.9,5.6,0,1,72.0
100301,3.9,53.3,62,55,5.9,8.2,3.0,1,5,62.7
100302,3.3,89.4,74,62,6.0,18.4,8.7,0,5,87.6
100303,4.5,94.9,82,84,6.3,2.8,6.1,0,5,84.9
100304,4.4,83.2,76,69,6.5,11.0,5.2,0,7,85.0
100305,2.6,69.0,61,73,5.5,5.6,4.2,1,7,75.2
100306,4.8,83.6,64,66,7.6,3.3,7.6,0,6,83.8
100307,5.1,78.0,59,51,6.6,6.6,3.3,5,1,41.6
100308,4.4,88.2,73,87,8.0,7.5,3.4,0,9,70.1
100309,3.9,66.9,86,76,8.4,5.0,8.8,1,6,78.0
100310,6.2,85.9,64,97,8.7,7.0,2.8,1,,76.1
100311,4.8,90.4,79,83,8.2,4.6,3.3,0,6,82.9
100312,2.6,83.6,62,67,7.5,2.0,4.5,3,2,50.3
100313,5.6,,60,71,8.0,7.0,5.0,4,1,55.3
100314,5.5,87.8,29,77,7.1,11.8,6.7,2,1,56.2
100315,3.9,58.4,100,87,8.9,3.1,3.8,0,4,74.0
100316,6.8,81.8,38,78,5.0,3.2,5.0,5,1,32.4
100317,4.2,83.3,74,92,7.2,7.0,9.0,0,7,100.0
100318,6.3,63.9,69,,6.9,10.5,2.2,1,6,69.3
100319,0.8,86.3,82,50,9.8,6.1,3.5,1,2,32.2
100320,3.9,68.9,59,62,6.4,2.4,4.0,3,4,58.0
100321,4.4,70.9,70,65,6.4,11.2,3.0,2,3,75.8
100322,4.8,88.9,67,72,7.7,1.4,4.4,0,8,80.1
100323,5.8,58.8,61,82,6.5,4.1,3.4,4,4,52.7
100324,6.9,91.3,74,100,5.9,1.7,5.1,0,10,86.1
100325,2.1,65.1,87,85,,,7.0,0,6,82.4
100326,3.5,88.6,68,73,7.8,9.9,3.7,0,6,72.3
100327,5.9,74.7,81,87,5.8,12.2,5.9,2,4,77.4
100328,3.6,94.8,68,71,7.5,1.7,6.9,0,6,81.9
100329,5.0,74.6,46,95,7.2,1.9,,2,4,73.0
100330,4.1,57.3,74,100,7.6,13.5,7.1,1,4,76.8
100331,8.5,61.2,,,,1.9,3.4,0,4,64.8
100332,5.0,58.8,66,88,7.5,0.5,3.0,0,6,69.9
100333,3.5,78.0,64,96,7.9,1.8,5.3,1,7,64.4
100334,2.0,88.2,54,91,9.9,9.9,3.9,0,1,46.9
100335,,76.3,78,76,6.4,2.4,7.9,1,5,92.4
100336,3.1,64.8,65,55,7.0,2.2,5.5,0,6,68.2
100337,3.1,80.0,82,96,5.3,6.8,4.1,0,3,70.2
100338,3.8,79.8,63,94,7.8,1.3,8.5,0,6,90.2
100339,3.3,53.0,50,64,7.9,4.4,7.2,1,3,63.4
100340,3.2,77.4,50,100,4.5,8.6,7.6,0,6,62.0
100341,4.2,70.9,20,55,6.2,2.0,5.8,1,2,50.0
100342,6.5,93.2,86,90,8.1,9.1,7.2,0,,95.4
100343,5.6,95.9,79,94,5.6,1.1,5.7,0,7,87.3
100344,7.1,88.7,76,81,7.2,2.3,8.5,0,6,100.0
100345,5.7,81.7,91,96,7.2,14.0,6.9,0,8,100.0
100346,2.9,83.4,62,76,6.2,1.7,4.8,0,6,74.2
100347,4.3,92.3,80,78,7.5,1.3,7.3,0,7,87.9
100348,4.0,81.4,75,81,8.2,13.9,4.0,0,8,79.9
100349,2.8,86.0,61,88,7.4,5.5,5.9,0,8,72.8
100350,2.5,89.4,82,77,5.8,4.5,8.2,1,8,90.4
100351,2.7,73.4,91,67,7.6,5.7,2.1,0,5,77.3
100352,4.5,70.8,55,73,6.9,12.9,3.6,1,5,64.6
100353,2.6,65.5,39,77,6.5,10.5,3.8,2,6,70.2
100354,2.7,68.1,82,63,7.9,2.3,3.5,1,8,72.2
100355,3.1,,62,97,8.1,2.8,2.4,0,5,75.4
100356,4.9,93.6,85,75,8.8,,5.0,1,8,83.4
100357,5.7,81.7,79,82,7.5,10.7,4.1,0,8,84.4
100358,2.8,85.0,74,77,7.0,13.2,4.8,1,5,72.2
100359,3.7,99.6,85,76,7.2,12.5,3.9,0,1,79.7
100360,2.9,74.4,71,55,6.9,3.4,5.2,0,8,82.8
100361,5.6,84.3,64,67,6.9,3.9,1.9,1,6,57.5
100362,3.7,75.6,74,65,7.5,3.9,5.2,0,5,71.8
100363,6.4,79.8,79,75,6.9,20.0,3.7,0,6,70.0
100364,1.9,78.9,61,75,7.4,1.3,7.0,1,4,68.1
100365,4.4,78.2,63,66,6.5,2.3,1.5,1,3,71.8
100366,5.0,96.3,69,91,6.8,9.0,7.1,0,9,88.2
100367,5.9,73.9,58,77,6.1,0.7,4.5,3,5,62.5
100368,5.9,90.9,69,91,6.8,3.9,6.0,1,1,79.0
100369,3.2,47.9,64,100,,3.4,7.1,0,2,67.5
100370,3.9,91.6,64,65,8.2,3.9,7.3,0,9,76.9
100371,6.6,96.8,51,93,6.3,0.9,8.3,1,4,73.3
100372,3.8,99.2,80,73,8.1,2.7,4.6,0,10,84.7
100373,8.7,96.4,81,93,6.9,9.6,7.6,0,7,90.5
100374,0.5,71.2,68,65,6.1,1.6,5.6,2,2,51.9
100375,5.0,79.1,64,,6.9,2.5,7.7,0,4,81.8
100376,3.3,71.9,87,76,3.8,9.8,3.4,0,3,50.3
100377,3.5,68.4,86,,6.0,5.0,8.2,1,9,81.0
100378,6.5,92.6,33,86,,7.9,4.5,1,7,61.0
100379,1.0,95.9,62,97,6.7,5.6,5.5,0,5,78.7
100380,7.8,41.1,54,72,5.9,7.9,5.6,1,5,56.9
100381,5.4,96.1,52,79,6.4,5.2,2.1,1,2,68.4
100382,2.5,86.5,86,86,6.5,,3.9,0,6,77.7
100383,4.3,62.9,46,57,5.5,5.6,3.1,4,3,34.4
100384,4.6,-1.0,78,,6.0,3.2,2.6,2,10,68.6
100385,3.8,72.9,73,56,4.4,8.6,5.7,1,4,55.9
100386,1.8,81.5,73,65,6.5,2.7,4.1,0,10,79.9
100387,3.4,74.9,66,90,6.7,4.5,5.2,1,6,73.2
100388,4.6,90.2,44,63,6.1,4.7,8.3,2,7,69.6
100389,1.7,66.4,58,85,6.6,4.7,4.9,3,1,46.9
100390,3.1,72.5,89,85,7.1,2.2,8.7,0,8,90.5
100391,3.3,90.3,78,97,7.3,1.6,5.7,1,8,82.9
100392,,76.0,73,43,7.6,1.6,1.9,3,3,60.8
100393,4.7,93.3,95,67,6.3,0.4,4.3,0,8,95.5
100394,3.5,66.0,,77,6.5,4.9,4.4,3,1,47.9
100395,5.0,,70,100,9.7,11.2,3.9,0,3,72.3
100396,5.5,85.0,81,74,6.9,4.8,8.5,1,7,84.3
100397,3.8,84.1,40,69,6.0,3.0,1.4,1,1,55.4
100398,4.1,90.4,73,58,6.5,5.4,6.9,1,5,85.7
100399,3.7,79.8,49,79,5.9,1.1,0.6,1,3,47.7
100400,7.2,83.3,68,84,7.1,2.3,5.5,1,7,76.8
100401,4.3,49.5,47,,6.0,0.6,0.6,3,1,49.2
100402,6.3,76.3,72,83,6.1,9.7,9.1,1,6,71.0
100403,5.4,87.4,86,100,5.4,9.8,4.8,0,7,82.6
100404,3.1,66.7,88,77,5.1,0.8,4.7,0,2,67.4
100405,3.1,64.4,73,73,7.6,1.9,2.4,1,1,68.8
100406,2.9,76.3,82,82,7.0,3.4,3.9,0,5,68.1
100407,5.9,91.8,68,67,7.6,2.8,8.2,0,7,86.8
100408,3.0,81.1,87,73,7.4,0.4,5.2,0,9,91.5
100409,5.1,80.9,59,79,7.8,5.2,3.2,1,5,74.6
100410,3.7,105.0,88,80,6.8,,4.7,0,10,83.9
100411,4.9,56.9,63,74,8.1,8.3,,0,10,84.4
100412,2.5,74.2,49,,8.3,3.5,3.9,1,2,58.4
100413,,,43,55,8.1,1.5,4.1,2,2,53.8
100414,5.2,,50,43,6.7,7.9,3.2,3,1,54.9
100415,4.1,73.9,63,96,6.3,10.6,4.4,1,6,73.6
100416,3.6,83.8,78,68,6.2,4.0,3.3,1,5,62.8
100417,25.0,89.1,60,71,6.6,1.2,2.1,1,3,63.2
100418,2.9,86.3,77,100,,2.0,2.9,1,10,87.9
100419,6.7,40.1,53,79,5.9,4.1,4.2,0,5,64.3
100420,5.4,83.8,37,,8.1,14.4,5.1,1,7,55.5
100421,6.0,77.0,67,100,6.8,7.7,5.2,0,7,83.0
100422,7.0,86.1,73,92,8.0,6.2,9.1,0,8,100.0
100423,3.4,82.7,74,69,7.7,3.0,4.2,1,3,67.9
100424,3.2,75.2,38,64,5.6,0.4,,1,4,56.7
100425,7.2,74.0,66,75,5.9,5.6,6.4,0,9,79.3
100426,6.8,90.9,57,65,4.2,6.5,5.6,1,,50.2
100427,3.0,77.4,,87,7.3,5.7,8.7,1,4,68.1
100428,4.9,47.8,76,53,6.7,5.0,3.4,0,4,67.3
100429,4.7,68.9,67,100,8.1,7.8,3.3,0,6,84.9
100430,5.6,100.0,77,87,,4.8,6.6,0,9,95.6
100431,5.7,51.8,59,91,6.0,,4.4,1,2,68.7
100432,6.2,81.1,36,51,6.8,5.6,3.5,1,3,61.9
100433,3.4,89.0,78,52,5.4,9.9,5.6,0,6,71.6
100434,7.1,78.9,56,65,5.5,2.3,5.8,0,1,71.8
100435,2.8,73.5,72,74,6.9,7.9,4.5,0,3,74.2
100436,3.9,70.9,81,100,6.6,5.5,6.8,0,8,87.5
100437,5.0,91.0,82,100,8.0,2.6,6.1,0,10,96.3
100438,6.3,67.2,48,,8.1,4.8,4.6,3,3,56.4
100439,5.1,81.1,82,80,7.9,2.6,6.1,1,7,87.6
100440,6.7,,59,81,8.1,4.4,2.1,0,9,78.0
100441,5.4,91.9,95,87,7.1,4.1,,0,7,85.6
100442,3.5,67.3,66,84,8.9,2.6,3.5,1,6,64.9
100443,6.6,81.1,70,98,6.1,3.5,5.7,2,7,70.7
100444,1.8,73.6,,,7.6,18.6,4.3,0,7,66.6
100445,4.7,81.7,77,70,6.9,2.4,4.2,0,2,75.5
100446,4.3,78.4,73,71,7.3,5.8,4.0,0,8,80.2
100447,4.6,81.3,81,67,5.5,2.3,3.9,0,6,74.0
100448,4.6,86.9,71,,8.0,4.8,7.6,1,9,72.6
100449,5.1,60.3,56,97,7.3,1.5,3.6,2,8,67.9
100450,7.0,92.1,63,98,7.3,16.5,7.9,1,8,88.8
100451,1.5,79.3,71,64,6.1,5.1,5.7,1,6,73.9
100452,4.7,63.9,52,54,6.6,8.6,4.7,1,5,63.8
100453,5.2,100.0,38,91,7.0,2.7,2.8,2,2,60.1
100454,6.6,81.7,,79,8.0,3.5,6.2,1,8,82.0
100455,5.1,69.8,60,54,6.8,8.5,5.0,0,8,72.5
100456,3.0,88.5,67,76,7.5,5.0,7.0,0,5,79.2
100457,4.2,77.1,83,100,6.7,1.6,3.7,0,7,87.6
100458,3.8,86.5,61,88,8.5,5.8,5.5,2,5,72.8
100459,4.6,86.1,79,68,7.2,8.9,8.0,0,7,83.8
100460,2.7,88.6,60,85,8.4,3.2,4.0,1,3,58.3
100461,5.3,90.8,75,81,6.0,14.1,6.4,0,9,77.5
100462,9.4,,63,77,6.1,3.2,6.8,2,2,66.1
100463,2.0,68.7,,,8.5,6.4,3.1,2,1,54.1
100464,5.9,84.2,56,100,7.5,15.1,2.8,2,4,63.7
100465,2.8,94.5,84,71,7.1,0.9,4.6,0,4,79.9
100466,2.1,65.1,87,85,,,7.0,0,6,82.4
100467,2.8,,80,63,6.2,7.5,3.6,1,1,80.5
100468,4.8,75.6,82,57,5.6,9.9,,1,7,78.0
100469,5.5,94.1,50,94,7.7,3.6,5.8,2,9,74.4
100470,6.7,70.0,53,83,6.8,6.5,5.4,2,4,69.1
100471,5.3,90.7,57,88,6.9,6.3,6.6,0,6,84.2
100472,5.8,90.0,79,83,7.0,7.4,7.8,0,10,100.0
100473,5.5,72.8,68,100,7.1,2.9,5.0,0,9,87.6
100474,,100.0,70,100,7.3,5.5,6.4,0,6,97.2
100475,3.9,45.8,65,78,7.4,4.5,4.5,0,5,77.7
100476,1.9,73.7,88,73,7.0,13.8,4.3,0,7,71.3
100477,4.1,86.4,44,79,,5.5,2.5,2,,55.1
100478,3.3,58.0,76,79,9.9,4.1,7.5,3,2,42.9
100479,6.8,85.2,75,100,6.8,4.5,7.4,0,8,100.0
100480,5.1,74.7,66,94,7.5,4.2,3.9,0,4,83.3
100481,4.2,70.5,59,99,6.1,9.7,6.7,1,8,71.6
100482,1.7,81.6,58,96,8.3,2.9,7.2,0,9,72.1
100483,4.7,96.2,55,85,7.4,3.3,7.5,1,3,86.7
100484,2.9,84.2,67,,7.5,3.4,5.0,1,5,74.6
100485,4.2,74.8,68,78,5.4,2.7,5.4,2,2,70.5
100486,5.6,75.8,82,65,,3.3,6.4,0,5,78.8
100487,5.2,87.7,81,86,6.6,1.7,7.1,0,4,76.0
100488,6.5,77.0,58,100,7.4,2.2,4.0,0,6,85.7
100489,4.8,70.8,93,59,7.7,5.4,4.5,0,6,86.0
100490,4.6,78.0,61,77,6.7,1.9,3.0,1,8,67.7
100491,2.9,81.9,,100,7.0,2.4,6.2,0,6,96.7
100492,1.6,92.9,78,92,7.0,4.9,5.2,0,10,79.2
100493,5.5,79.7,30,82,6.6,4.9,6.0,0,4,67.3
100494,4.7,95.2,62,85,5.4,1.6,1.8,3,1,49.3
100495,4.5,86.2,73,86,6.9,1.2,5.7,0,5,84.9
100496,6.6,86.5,46,,7.5,7.6,6.9,2,7,72.6
100497,6.7,64.9,54,58,8.3,6.1,5.5,2,,76.5
100498,6.4,79.2,80,86,7.5,1.0,6.8,0,7,91.8
100499,3.3,79.9,56,62,7.2,4.2,3.9,3,4,54.2
100500,5.6,,49,99,7.1,8.2,5.6,1,6,79.4
100501,6.1,97.5,82,100,6.1,6.9,6.4,0,4,92.7
100502,4.2,70.9,83,72,8.3,13.7,8.4,,3,81.5
100503,4.0,,56,55,7.1,20.0,2.3,0,4,66.1
100504,5.5,77.1,52,100,7.1,7.0,6.0,1,5,77.3
100505,6.6,93.0,74,94,7.3,5.0,7.7,0,8,95.4
100506,3.9,78.7,58,76,,0.9,2.4,0,7,71.1
100507,5.3,90.3,60,96,,4.1,8.4,1,10,82.4
100508,2.8,77.8,63,90,7.8,0.9,4.9,0,10,80.7
100509,5.1,,43,60,6.1,3.0,2.2,2,4,64.2
100510,4.6,75.2,77,74,6.6,2.1,3.9,1,1,69.5
100511,3.7,77.8,70,94,7.4,2.6,3.0,1,9,83.2
100512,5.7,87.4,74,90,6.8,1.9,6.0,2,8,82.0
100513,3.1,75.3,78,69,6.8,4.8,1.4,1,2,67.3
100514,4.4,83.7,41,83,7.4,,5.2,2,2,70.2
100515,5.9,83.4,82,73,6.7,2.3,5.9,0,9,87.8
100516,4.2,83.7,71,68,6.9,17.2,1.8,1,6,69.9
100517,4.2,88.9,60,75,7.0,8.6,6.1,1,3,76.4
100518,4.9,56.0,59,,7.4,2.8,3.4,1,6,74.4
100519,7.1,57.6,38,59,7.7,9.1,5.7,1,4,58.3
100520,2.0,83.6,71,84,7.6,8.6,6.2,0,6,82.0
100521,6.7,85.8,67,68,8.3,12.7,4.7,1,7,77.8
100522,5.4,76.0,67,76,6.2,2.7,4.8,0,5,77.6
100523,2.1,84.7,46,66,6.4,11.7,4.8,1,2,62.9
100524,4.9,80.7,,57,7.1,5.5,5.9,1,6,70.9
100525,7.0,45.7,57,52,5.9,,0.0,2,4,57.1
100526,4.4,85.5,57,100,6.2,2.7,6.7,2,9,68.9
100527,4.2,61.9,64,97,8.1,2.0,1.1,2,2,68.6
100528,7.5,40.5,65,58,6.4,8.7,5.8,-1,4,57.9
100529,4.5,77.5,50,68,6.6,3.8,1.5,3,4,57.2
100530,3.9,82.6,54,,6.6,3.5,3.9,1,1,72.0
100531,7.6,66.2,76,82,6.1,4.4,2.5,1,9,70.2
100532,2.2,82.9,48,76,7.3,5.1,8.8,0,8,65.6
100533,3.2,,68,,5.0,2.5,6.8,0,6,73.8
100534,6.4,89.5,43,88,6.8,1.9,5.0,3,3,59.4
100535,5.0,61.0,45,75,7.2,8.6,0.9,1,5,63.5
100536,7.0,86.1,71,73,7.9,5.0,6.6,0,9,96.0
100537,4.7,87.9,58,89,4.0,1.1,7.6,0,7,60.3
100538,1.4,44.2,60,81,7.6,12.9,2.8,0,1,54.6
100539,3.4,84.2,91,92,6.7,13.0,10.0,0,10,93.9
100540,5.0,79.0,76,74,4.6,2.3,8.8,0,2,-5.0
100541,3.7,90.0,77,68,6.2,0.6,6.0,0,9,78.0
100542,5.2,70.8,78,58,6.5,8.7,3.3,0,3,84.1
100543,4.7,87.4,56,,7.6,2.7,5.8,2,5,64.3
100544,4.7,82.7,65,75,7.5,4.3,6.5,0,9,84.8
100545,7.3,86.0,76,91,6.3,7.7,6.7,0,,97.1
100546,3.6,89.2,43,92,7.5,0.9,4.7,0,2,66.2
100547,6.5,76.0,65,69,6.8,3.8,6.6,2,5,62.2
100548,5.9,78.4,61,98,6.9,3.5,4.3,2,5,72.5
100549,5.6,78.1,52,77,8.0,1.5,4.6,1,10,67.5
100550,6.2,81.0,75,72,6.8,3.8,5.1,0,6,86.7
100551,4.6,71.0,71,70,7.9,4.4,4.9,2,4,77.6
100552,4.4,83.7,87,90,6.6,9.4,5.4,0,9,87.9
100553,5.7,90.8,56,100,7.8,2.0,4.4,1,4,83.6
100554,,74.3,78,91,6.0,3.9,9.5,0,5,78.4
100555,1.9,68.3,44,67,6.6,8.9,6.9,1,4,71.9
100556,3.7,75.7,83,69,8.5,3.2,6.4,0,4,84.7
100557,4.6,51.0,86,67,6.4,0.3,2.9,,4,77.1
100558,8.0,69.5,65,70,7.2,0.3,4.2,1,2,74.9
100559,9.4,88.2,67,69,8.1,5.6,2.5,1,8,82.0
100560,4.6,78.7,86,76,6.2,3.2,4.5,1,10,86.0
100561,4.8,92.0,62,65,7.5,9.9,5.1,2,,78.0
100562,1.1,79.6,50,58,7.1,2.6,2.3,0,4,60.5
100563,4.7,77.8,51,84,7.6,8.7,4.5,2,4,56.9
100564,4.6,72.6,63,,7.2,2.1,4.7,1,4,68.4
100565,5.9,80.3,62,56,7.7,4.7,4.1,3,4,53.7
100566,3.9,47.4,61,82,6.1,5.1,5.8,0,1,69.0
100567,3.7,91.5,64,89,7.5,1.2,4.2,1,3,78.1
100568,5.6,79.6,86,89,6.5,4.8,7.2,0,8,94.6
100569,2.4,76.7,42,63,7.4,1.7,4.6,1,1,54.3
100570,7.1,71.1,58,96,7.7,1.0,0.1,4,1,61.3
100571,7.9,,49,71,7.1,2.0,7.6,2,1,56.2
100572,4.7,80.6,42,86,7.2,9.4,6.6,2,3,66.3
100573,7.6,89.2,66,90,7.0,11.1,9.1,3,2,73.6
100574,4.0,81.0,52,64,7.3,3.7,5.5,0,8,68.7
100575,5.5,100.0,68,97,6.5,2.1,6.6,0,7,87.7
100576,7.0,89.2,70,76,5.7,3.4,8.9,0,5,84.5
100577,5.1,76.9,44,86,7.2,2.5,6.6,0,10,81.3
100578,4.3,76.9,64,80,7.2,4.1,1.3,2,5,67.4
100579,4.3,70.3,68,58,5.9,5.2,4.4,1,2,70.5
100580,4.1,95.1,92,100,,4.9,6.9,0,10,99.1
100581,,98.0,55,93,5.5,3.2,3.6,0,4,66.4
100582,5.4,100.0,85,90,8.0,7.0,8.5,0,9,100.0
100583,2.4,96.6,59,73,7.4,11.7,5.6,1,2,70.5
100584,5.9,86.5,81,71,6.5,1.2,6.6,0,,88.9
100585,5.5,69.5,75,79,5.6,2.4,4.9,1,4,72.6
100586,5.8,93.8,63,100,9.2,10.0,,1,10,92.3
100587,4.1,85.8,100,79,7.6,0.7,5.5,0,7,90.2
100588,,,61,,7.3,1.6,,0,7,78.7
100589,4.7,81.9,68,68,6.9,3.5,8.7,0,4,77.7
100590,7.7,87.2,72,93,7.3,2.8,6.5,0,7,93.9
100591,6.4,98.9,56,67,7.2,5.8,2.9,2,7,61.8
100592,6.4,56.7,100,85,7.3,1.5,4.1,0,4,100.0
100593,6.3,76.4,74,54,7.6,1.5,,1,9,100.0
100594,3.4,78.2,56,62,7.1,12.9,3.5,4,3,57.3
100595,2.8,88.7,60,83,7.6,6.6,2.5,1,6,60.3
100596,4.2,54.6,72,93,8.0,,3.1,0,7,78.0
100597,9.5,86.8,90,78,7.1,1.7,4.3,0,9,100.0
100598,3.9,86.5,69,100,7.1,6.8,5.8,0,10,92.6
100599,4.3,,54,69,7.6,16.9,3.9,5,4,43.3
100600,6.0,78.7,67,66,7.0,1.8,4.4,0,4,73.9
100601,6.6,78.4,100,83,7.1,4.4,8.1,0,2,100.0
100602,3.8,75.3,62,67,6.8,8.7,3.3,1,7,73.7
100603,4.9,79.9,58,-1,8.4,2.1,6.5,1,,78.0
100604,6.8,,79,91,7.7,3.3,6.6,1,8,98.0
100605,2.7,90.6,80,89,7.2,6.8,8.1,0,6,87.0
100606,4.4,81.3,67,67,6.7,11.2,6.0,1,4,69.7
100607,5.1,48.3,69,56,7.4,3.4,4.5,1,5,70.1
100608,2.7,61.6,50,69,6.6,4.9,3.5,0,3,65.7
100609,3.2,76.0,47,76,6.7,12.1,5.5,1,7,57.9
100610,3.4,64.2,54,84,7.7,8.3,1.3,2,4,58.6
100611,8.8,97.7,100,88,7.0,6.6,4.8,0,9,100.0
100612,5.6,,56,100,7.1,3.2,4.8,1,9,80.4
100613,2.9,80.9,44,69,6.6,1.8,4.1,0,7,74.2
100614,6.0,87.4,,77,6.9,6.2,9.8,0,7,100.0
100615,3.5,99.3,,85,6.7,14.1,4.8,0,9,95.4
100616,4.6,82.6,58,99,7.6,2.9,4.9,0,,84.4
100617,6.5,85.3,66,78,5.5,0.6,7.6,3,8,71.3
100618,2.7,70.5,59,83,7.0,5.8,7.1,1,8,80.8
100619,6.4,94.9,73,100,7.2,,6.9,1,6,87.6
100620,6.1,79.2,60,100,6.5,6.7,7.2,1,4,70.2
100621,3.7,92.6,88,77,4.4,5.0,1.6,0,1,62.3
100622,3.1,79.4,67,58,4.4,,3.2,4,1,29.5
100623,3.0,77.4,43,93,7.5,11.3,5.8,1,6,67.5
100624,6.3,90.8,79,,6.0,8.6,6.3,0,9,81.8
100625,3.6,76.6,67,61,7.2,1.7,3.2,1,,67.2
100626,4.6,81.3,66,70,6.2,4.6,5.0,2,3,72.2
100627,6.2,80.1,,54,6.0,,4.4,4,2,38.1
100628,5.2,71.8,55,76,8.2,3.8,8.1,0,,73.7
100629,5.2,87.6,75,89,8.0,3.1,3.6,0,5,81.5
100630,4.6,86.0,80,92,7.9,2.3,7.2,0,8,94.1
100631,4.3,86.2,39,73,6.5,9.8,5.4,4,,48.0
100632,1.8,64.9,91,69,9.9,0.9,2.1,0,3,45.3
100633,2.3,86.6,59,88,8.0,7.0,2.5,2,4,54.6
100634,5.8,59.9,70,57,9.0,0.4,3.7,0,7,72.4
100635,2.7,74.5,61,41,8.4,1.9,7.8,0,9,71.6
100636,5.9,75.8,90,64,7.6,6.1,5.3,0,10,100.0
100637,4.6,96.3,70,62,7.6,9.1,8.4,0,9,93.0
100638,2.2,77.6,57,78,4.3,,3.9,0,4,47.7
100639,1.9,75.0,73,87,9.3,5.0,5.4,0,2,57.2
100640,3.5,76.6,81,,7.5,2.2,4.5,0,1,59.2
100641,7.1,85.2,100,75,7.1,6.8,5.8,0,9,100.0
100642,4.7,76.6,67,77,7.7,3.8,4.8,0,6,81.7
100643,5.2,80.1,80,65,7.3,5.5,6.8,1,5,93.8
100644,3.7,83.4,93,72,3.7,7.0,8.1,0,4,60.9
100645,4.3,80.3,54,60,7.3,2.2,4.3,5,3,46.3
100646,0.5,79.2,63,72,6.9,1.7,3.6,1,2,64.2
100647,5.1,80.0,74,81,7.4,,6.3,1,7,86.3
100648,5.2,91.7,100,98,7.7,3.6,6.5,0,10,100.0
100649,4.9,95.7,72,,5.8,2.7,6.1,0,8,77.7
100650,6.9,92.4,,74,6.6,0.7,9.8,0,7,86.1
100651,2.0,79.8,73,72,7.6,6.7,6.0,0,2,70.8
100652,6.0,80.3,80,74,6.8,6.1,4.2,0,5,82.5
100653,2.5,79.2,74,77,6.7,7.4,4.1,0,6,76.9
100654,0.5,77.3,72,57,7.5,6.3,2.3,0,7,64.1
100655,3.8,59.9,58,93,4.6,3.6,,1,4,55.7
100656,6.0,91.9,89,74,6.6,7.4,6.2,0,7,91.3
100657,3.5,89.7,55,72,6.6,2.9,5.7,1,2,67.8
100658,4.4,76.4,62,62,6.6,6.9,2.9,1,,63.7
100659,5.6,100.0,43,87,7.7,17.5,6.1,3,6,68.4
100660,5.5,84.6,61,68,8.7,2.2,5.1,1,6,78.7
100661,6.4,70.4,76,100,,2.0,4.0,0,7,94.9
100662,1.7,59.2,73,87,6.5,1.4,6.2,0,9,72.9
100663,2.8,58.3,59,86,6.1,8.6,5.1,1,3,71.7
100664,6.5,77.7,60,81,7.2,,8.4,2,5,79.6
100665,4.1,95.0,53,83,7.0,4.6,7.3,1,3,79.3
100666,2.5,94.6,66,85,6.4,10.9,4.0,3,5,64.2
100667,6.3,93.5,39,70,7.9,10.1,3.7,2,4,70.0
100668,5.5,77.6,73,77,6.3,5.9,6.1,1,8,78.3
100669,3.3,74.7,62,60,8.0,8.1,2.8,1,3,64.7
100670,4.4,83.5,47,74,,3.2,5.7,1,7,71.3
100671,3.0,84.0,65,87,6.3,3.1,2.6,0,1,78.3
100672,4.0,67.5,49,76,6.6,5.0,4.8,2,1,61.3
100673,4.6,81.5,81,73,7.3,,4.8,1,10,99.8
100674,7.4,70.2,72,75,6.1,5.2,5.9,0,10,80.2
100675,4.6,93.7,70,92,8.2,7.1,8.6,0,10,100.0
100676,4.4,82.4,82,81,8.0,7.5,7.4,0,5,89.6
100677,4.9,49.5,75,71,7.7,2.0,4.1,0,5,82.7
100678,2.5,90.6,100,79,5.0,3.1,7.9,0,8,74.4
100679,4.8,91.4,84,100,7.8,3.2,5.9,0,9,100.0
100680,5.0,99.2,80,69,6.8,0.5,7.5,1,10,97.6
100681,2.1,97.4,57,84,6.0,1.1,8.6,3,,59.8
100682,5.2,85.7,48,76,7.1,3.6,7.1,1,6,72.2
100683,3.7,80.1,67,,8.1,16.5,3.3,0,7,64.6
100684,4.6,79.1,98,84,7.2,4.3,6.3,0,10,99.8
100685,4.0,87.2,57,85,8.2,6.0,3.4,0,5,71.7
100686,4.9,46.5,71,51,7.9,3.3,7.0,0,8,70.8
100687,3.2,83.6,57,67,4.6,3.5,,3,2,45.6
100688,2.4,81.1,80,77,6.1,5.4,6.1,2,9,78.6
100689,5.2,91.4,100,83,7.3,2.1,,0,8,97.0
100690,6.5,81.7,78,79,6.4,7.2,6.5,0,5,82.5
100691,5.9,,,87,7.2,8.4,5.6,0,7,72.3
100692,5.2,97.7,65,79,7.2,3.5,3.8,2,,78.8
100693,4.1,80.1,63,68,7.6,7.4,6.0,0,10,87.7
100694,2.7,70.5,78,51,6.7,0.8,5.7,0,9,76.8
100695,3.4,81.6,80,68,6.5,6.9,4.9,0,8,83.5
100696,6.3,,60,71,7.7,6.1,1.5,2,5,55.1
100697,6.3,69.7,64,86,6.5,1.2,7.5,0,,67.9
100698,6.5,86.0,77,91,7.2,2.6,5.8,0,8,78.6
100699,3.0,94.7,70,91,7.4,2.2,4.7,0,5,77.0
100700,5.0,,70,70,7.4,3.1,7.8,0,5,84.4
100701,7.1,82.8,47,49,5.9,2.4,4.4,2,2,55.7
100702,4.2,,74,84,7.2,6.3,1.5,1,7,73.8
100703,2.5,97.6,100,70,8.4,6.5,8.6,0,8,87.5
100704,1.4,51.7,,58,7.4,,3.6,1,1,49.0
100705,5.5,76.8,68,,6.9,4.9,6.2,0,8,91.4
100706,3.2,79.1,62,86,5.2,3.6,4.0,1,6,60.6
100707,3.1,71.1,80,78,,4.6,5.6,0,8,90.6
100708,4.0,93.4,75,91,7.0,8.6,6.5,1,8,88.4
100709,3.5,78.6,86,68,8.4,3.3,4.7,0,3,67.8
100710,2.9,72.7,63,77,5.9,0.7,3.0,1,7,64.8
100711,4.3,77.6,50,96,8.2,2.9,3.3,1,8,74.0
100712,3.3,81.2,50,58,7.2,10.9,5.4,0,3,68.0
100713,,78.1,70,72,7.0,1.4,6.2,1,10,87.7
100714,5.3,40.7,92,59,3.7,1.0,5.6,0,5,45.7
100715,3.9,81.5,100,96,7.2,3.2,6.9,0,10,96.6
100716,5.3,71.9,67,59,5.8,3.7,4.1,2,1,62.8
100717,8.0,69.3,78,65,7.7,,7.6,1,7,84.6
100718,6.8,95.6,77,75,,2.7,10.0,1,7,74.7
100719,4.4,76.1,65,52,7.5,3.5,5.8,0,6,75.5
100720,1.2,93.0,70,74,7.1,2.6,5.0,1,4,67.4
100721,5.5,66.7,71,91,6.1,1.8,6.4,0,4,74.3
100722,3.2,81.3,73,76,8.9,,4.3,3,3,58.4
100723,4.2,91.5,61,90,,10.0,3.0,1,8,82.5
100724,1.5,72.5,74,55,7.5,2.7,,3,4,50.0
100725,4.6,44.1,72,78,7.1,5.7,6.8,0,6,80.6
100726,4.5,56.5,42,66,7.2,6.2,6.6,2,7,59.1
100727,2.8,,73,,6.9,2.9,,1,3,72.4
100728,6.7,96.1,59,72,7.3,7.9,7.2,1,10,84.9
100729,4.8,80.5,73,70,6.5,3.6,8.5,0,8,94.5
100730,4.0,80.6,62,,6.4,6.7,3.9,0,6,76.2
100731,7.2,75.5,52,82,7.3,12.8,1.7,3,1,64.7
100732,5.4,83.9,84,81,7.5,6.5,3.8,0,6,90.9
100733,4.7,45.2,69,76,6.9,4.9,5.4,1,7,72.2
100734,5.3,80.7,71,,5.1,6.9,2.7,1,6,66.6
100735,8.0,84.6,62,90,7.5,3.0,4.1,1,7,75.5
100736,5.5,69.5,,70,7.9,3.0,7.4,3,2,59.1
100737,6.2,83.9,73,70,6.3,1.6,7.0,0,5,74.2
100738,2.6,78.5,42,67,7.0,4.1,7.2,3,7,58.7
100739,4.8,98.1,68,92,6.7,6.8,7.5,0,9,94.0
100740,6.5,89.5,59,48,6.4,1.3,3.4,1,2,63.6
100741,2.2,82.7,67,74,6.6,2.0,4.3,1,5,65.7
100742,4.9,78.2,70,89,6.6,0.8,6.9,0,8,83.0
100743,4.1,69.4,68,69,7.5,6.7,6.4,2,3,67.7
100744,6.0,65.7,78,80,9.3,8.8,2.6,1,6,79.5
100745,5.8,71.7,72,99,8.0,2.5,2.0,2,3,71.4
100746,5.9,,89,78,6.3,0.5,4.9,0,9,142.5
100747,4.8,80.3,49,65,5.8,8.0,2.7,1,2,55.5
100748,1.6,70.7,60,80,4.4,2.4,2.8,1,2,38.1
100749,6.0,88.0,68,65,6.7,3.0,8.3,0,8,89.1
100750,3.7,53.2,64,69,7.7,3.2,2.7,0,10,70.3
100751,4.5,95.9,64,100,7.6,3.8,4.4,1,9,73.2
100752,5.7,72.7,71,74,7.1,11.0,3.7,2,4,69.5
100753,2.5,70.0,50,73,7.4,1.3,2.9,0,2,53.0
100754,4.7,100.0,44,100,7.1,2.0,5.8,0,8,73.3
100755,4.1,79.0,64,73,6.7,13.1,3.2,1,8,80.9
100756,5.3,49.2,63,96,6.7,,3.8,0,8,77.5
100757,4.8,78.2,64,88,7.2,18.7,4.0,1,3,65.3
100758,1.9,48.5,69,64,7.2,1.7,3.2,1,3,53.3
100759,4.9,74.7,71,80,8.5,3.1,5.9,1,2,74.3
100760,5.2,70.4,81,70,7.4,4.5,5.4,0,7,85.0
100761,7.9,82.7,61,97,7.6,9.9,8.3,2,6,74.0
100762,3.2,65.8,86,82,6.8,4.3,5.2,0,4,92.9
100763,6.5,77.1,49,68,7.3,2.7,4.8,3,5,65.9
100764,6.1,84.1,77,140,7.9,3.5,5.4,1,9,92.0
100765,4.7,86.9,63,60,,9.5,8.6,2,5,73.6
100766,7.2,74.0,66,75,5.9,5.6,6.4,0,9,79.3
100767,2.6,77.4,57,69,6.6,8.9,1.2,0,5,62.7
100768,6.5,,55,81,7.5,3.0,7.5,1,4,79.3
100769,6.3,88.6,53,79,7.9,7.0,7.7,0,10,82.6
100770,3.0,93.9,61,68,,8.0,2.6,3,3,46.2
100771,6.9,90.7,83,77,7.8,2.8,4.3,0,5,91.3
100772,4.7,100.0,63,85,7.8,3.9,7.0,0,9,85.6
100773,6.5,75.9,64,65,5.9,1.1,6.6,0,1,69.6
100774,2.5,93.2,53,65,6.9,2.3,2.9,2,,60.3
100775,5.9,77.5,43,,6.8,1.5,4.6,2,1,52.7
100776,5.5,60.0,88,73,7.1,3.6,6.3,0,10,95.6
100777,4.9,82.9,67,95,7.0,3.0,5.4,1,8,72.2
100778,3.3,72.8,58,72,6.6,4.7,5.5,2,1,61.7
100779,3.2,47.9,64,100,,3.4,7.1,0,2,67.5
100780,5.7,,86,74,9.3,1.8,1.3,1,9,77.5
100781,6.3,50.7,70,94,7.9,3.1,4.1,1,8,77.0
100782,7.2,84.2,69,82,6.8,2.4,9.7,0,10,100.0
100783,3.3,89.1,69,100,7.6,1.8,6.2,3,3,73.5
100784,2.5,85.4,47,74,6.1,5.9,4.1,2,4,65.2
100785,6.1,70.2,95,79,7.1,6.5,5.3,0,10,90.4
100786,5.6,74.3,56,62,6.2,1.6,0.7,1,10,66.9
100787,4.9,81.2,69,83,8.3,4.3,6.6,1,7,83.1
100788,4.2,91.2,75,84,6.6,1.9,,0,8,92.4
100789,6.3,44.2,97,80,6.8,7.3,6.2,0,10,90.0
100790,2.2,54.6,32,62,6.6,5.1,4.2,5,1,46.2
100791,7.2,100.0,32,91,6.3,13.0,8.0,0,4,63.4
100792,2.4,71.4,86,76,7.3,14.5,4.0,0,3,74.2
100793,2.9,75.9,64,88,6.4,4.0,2.2,1,5,60.0
100794,3.5,,63,66,7.6,4.3,,0,,68.8
100795,4.7,72.6,58,67,9.0,19.3,5.6,0,6,62.5
100796,4.6,72.1,64,86,6.1,1.0,2.3,2,6,81.8
100797,3.7,94.4,59,79,6.8,2.6,4.6,1,2,78.3
100798,3.8,92.6,76,,7.6,3.9,8.8,0,10,96.2
100799,5.0,86.5,74,97,7.6,0.3,,1,7,81.8
100800,2.5,77.2,50,49,6.8,0.9,3.8,1,5,68.3
100801,0.5,70.8,71,69,5.2,10.4,4.7,1,3,50.8
100802,9.7,90.3,67,87,6.9,11.7,7.9,2,6,78.0
100803,6.0,83.6,63,87,7.1,4.5,6.1,0,9,79.4
100804,,70.0,71,94,6.5,10.9,4.6,0,5,77.7
100805,7.3,83.6,56,85,9.1,7.9,4.3,0,7,79.6
100806,,64.4,70,58,5.6,4.6,4.7,1,1,40.6
100807,4.9,76.4,38,82,7.0,9.2,7.2,2,1,58.0
100808,5.8,64.8,78,70,6.7,4.1,7.5,0,,86.5
100809,5.7,71.4,65,86,7.3,11.1,5.5,0,7,78.6
100810,5.0,82.6,70,96,7.7,10.2,3.3,3,2,74.2
100811,2.9,80.4,91,77,8.5,2.5,3.0,0,3,72.8
100812,4.3,77.4,48,76,8.0,6.3,6.3,3,,50.9
100813,4.3,61.6,63,78,6.9,4.4,4.8,0,3,74.7
100814,3.6,89.8,88,72,7.4,3.2,6.4,0,5,86.1
100815,4.0,87.0,90,77,8.9,2.4,6.1,0,8,82.3
100816,2.9,48.1,66,96,6.7,9.0,4.1,1,7,72.8
100817,5.8,59.1,72,98,5.7,1.4,5.0,0,10,83.5
100818,6.6,75.8,64,80,7.2,3.6,6.5,0,5,70.4
100819,2.1,70.2,69,88,5.8,10.2,7.2,1,5,60.8
100820,4.9,81.9,69,73,7.6,5.1,6.4,2,6,72.5
100821,4.2,90.8,59,86,7.2,6.1,4.6,0,7,73.7
100822,4.0,74.6,54,82,6.4,1.0,2.8,3,2,60.6
100823,7.3,,59,84,9.6,1.3,3.0,2,3,61.7
100824,3.2,64.4,67,77,8.1,8.6,1.6,3,3,64.4
100825,5.4,87.2,42,77,6.6,5.5,6.4,2,3,59.6
100826,5.8,75.4,62,85,6.5,6.4,6.3,0,7,87.9
100827,4.1,97.8,78,83,6.4,4.5,5.1,0,,85.8
100828,5.4,92.2,75,76,8.1,14.7,7.1,0,8,88.6
100829,3.8,83.7,62,90,6.3,5.6,7.1,0,9,79.6
100830,3.9,75.5,83,,6.6,9.7,6.1,0,7,78.1
100831,5.8,84.2,77,78,7.2,3.2,4.3,0,5,84.7
100832,3.4,90.7,55,,7.9,6.9,7.0,0,8,87.8
100833,4.4,95.2,67,76,6.9,,4.8,0,7,77.2
100834,3.7,73.1,75,68,5.6,2.1,4.0,2,5,65.9
100835,4.6,83.0,84,57,5.6,6.3,5.1,1,2,72.1
100836,6.1,93.5,62,99,7.2,1.2,10.0,0,9,94.6
100837,5.1,66.7,54,86,7.1,2.9,1.0,2,10,69.3
100838,3.7,91.6,56,88,8.4,7.0,5.9,1,5,69.6
100839,4.2,70.4,80,78,6.7,1.5,6.4,0,6,77.7
100840,2.9,84.3,67,79,6.9,2.5,3.5,2,5,60.2
100841,,84.1,70,77,7.4,5.7,5.4,1,9,83.0
100842,2.9,85.6,50,83,5.9,3.0,4.8,2,4,64.6
100843,4.2,67.6,81,69,8.2,14.5,,1,4,80.0
100844,4.7,57.6,63,79,6.0,7.3,6.4,0,4,78.4
100845,6.9,92.8,58,73,7.5,2.2,4.0,3,4,65.2
100846,6.8,81.8,65,77,6.1,3.6,5.5,0,8,82.4
100847,3.6,78.1,61,70,7.4,4.9,6.1,1,7,70.4
100848,7.5,45.0,55,76,5.6,4.2,5.0,0,4,69.1
100849,5.3,49.3,79,75,6.8,10.8,3.7,0,8,74.4
100850,3.4,87.7,78,73,7.7,,8.6,0,10,99.6
100851,5.4,86.7,69,78,7.1,2.2,6.9,0,8,82.7
100852,3.3,77.0,60,50,7.0,1.4,4.8,0,4,74.7
100853,5.1,78.6,58,72,6.2,5.0,3.3,2,5,62.2
100854,4.5,40.1,83,83,6.9,4.1,0.7,2,4,64.5
100855,5.4,100.0,85,78,7.3,3.0,9.1,0,10,100.0
100856,3.7,77.2,97,68,6.2,2.3,3.4,0,9,91.8
100857,4.3,71.6,34,85,6.9,5.6,5.2,4,2,43.7
100858,4.2,71.1,91,57,7.3,10.7,1.7,0,8,81.3
100859,7.1,84.7,58,64,6.6,5.0,5.8,1,2,68.5
100860,8.0,50.7,76,91,7.3,6.7,4.6,2,8,92.7
100861,5.3,85.5,87,86,7.8,,6.1,0,7,96.5
100862,7.3,88.2,72,93,5.8,2.6,3.7,1,6,82.3
100863,4.9,88.1,100,87,7.1,1.4,7.3,0,9,98.1
100864,5.0,,63,81,6.4,1.0,5.0,0,2,72.4
100865,4.9,98.1,77,74,9.7,2.6,5.9,1,5,74.0
100866,7.1,87.4,,72,6.8,,8.0,2,4,69.4
100867,3.6,60.6,,,10.0,8.6,4.6,1,3,41.1
100868,4.9,75.7,78,55,6.7,5.2,8.8,0,3,87.6
100869,4.2,41.4,52,71,8.1,5.1,1.8,0,6,68.5
100870,3.4,84.5,66,79,4.5,4.1,5.8,0,1,57.4
100871,4.4,40.1,75,74,9.2,2.2,6.7,1,6,69.5
100872,5.5,91.8,49,66,6.5,3.7,6.0,1,5,65.1
100873,2.1,,63,83,7.7,3.4,4.1,3,4,59.8
100874,4.4,57.6,87,60,6.8,8.9,4.5,0,8,77.9
100875,5.8,90.3,67,83,7.3,13.2,5.6,0,,80.4
100876,3.3,73.3,28,73,7.4,3.5,5.2,0,5,68.1
100877,4.3,81.1,91,83,,4.6,6.9,0,5,96.7
100878,3.6,82.1,80,69,6.4,4.1,5.8,1,6,81.9
100879,4.4,83.1,55,87,7.6,4.6,5.4,2,10,72.0
100880,4.2,,78,59,8.1,3.3,3.6,1,6,68.1
100881,5.7,85.8,77,86,,9.2,7.2,1,,78.2
100882,6.3,97.5,42,100,6.9,8.7,,3,9,64.7
100883,2.9,80.9,53,92,8.1,4.8,2.6,0,6,75.8
100884,5.2,68.0,65,75,6.1,1.2,6.5,1,5,68.2
100885,3.2,100.0,73,73,6.7,6.7,6.6,1,8,90.3
100886,3.2,41.8,81,68,6.3,4.1,3.2,1,10,86.2
100887,6.5,86.9,83,89,8.0,6.1,9.6,0,10,100.0
100888,2.4,69.3,61,59,6.6,2.5,3.9,3,4,59.6
100889,5.9,86.1,74,58,6.5,1.0,4.4,0,7,75.8
100890,2.1,56.7,60,78,6.6,1.9,3.8,1,5,68.7
100891,4.0,96.5,65,,7.9,2.8,3.5,2,6,72.3
100892,4.3,80.6,66,63,6.7,1.1,,2,5,65.4
100893,2.7,90.4,69,100,7.6,10.7,3.6,3,,56.9
100894,4.8,84.7,61,65,7.5,9.0,8.0,1,6,77.3
100895,4.5,72.4,44,100,7.3,3.2,5.5,2,6,71.0
100896,5.0,77.1,91,97,6.7,6.2,4.0,0,9,96.7
100897,3.2,49.3,86,57,7.8,5.6,1.7,0,10,78.5
100898,6.0,84.2,55,60,7.2,2.7,6.4,0,8,80.2
100899,3.4,90.4,79,95,6.4,6.3,4.6,0,10,86.2
100900,5.8,,76,70,6.9,11.7,7.7,0,7,97.4
100901,1.1,83.0,67,73,8.7,5.0,5.0,1,1,47.3
100902,5.5,51.6,92,61,7.1,4.1,7.9,0,8,93.4
100903,3.9,73.4,74,55,6.8,4.3,2.4,1,4,71.0
100904,3.6,100.0,58,78,8.7,0.9,7.0,0,10,84.7
100905,6.2,90.8,59,80,9.6,3.0,7.1,2,4,64.0
100906,4.9,68.2,95,90,7.3,2.9,5.5,0,,86.6
100907,5.1,91.6,58,68,5.9,3.6,5.3,1,4,62.6
100908,1.1,90.5,67,77,6.1,3.0,,0,5,77.4
100909,4.4,89.3,,87,,3.7,3.0,1,4,81.1
100910,4.5,47.9,72,82,6.3,12.6,3.2,1,10,73.5
100911,2.7,70.2,98,93,5.0,3.4,2.7,0,4,76.7
100912,2.9,75.2,62,,7.7,1.3,4.7,1,5,70.8
100913,5.6,68.4,,,8.4,4.2,5.5,2,1,71.7
100914,1.9,79.8,51,62,8.6,6.7,1.5,1,5,52.9
100915,5.0,75.0,63,39,6.9,8.0,6.9,2,8,77.0
100916,2.9,67.7,57,63,7.4,5.9,1.4,3,5,66.4
100917,3.6,74.9,42,74,8.0,0.4,3.4,0,1,65.2
100918,2.3,54.2,43,42,6.5,2.5,1.8,4,1,24.8
100919,5.1,68.4,70,41,7.0,13.0,4.2,1,3,59.4
100920,4.2,69.6,59,67,5.5,10.6,1.4,1,2,56.8
100921,4.4,88.7,76,,7.1,3.4,6.2,0,4,79.3
100922,4.5,95.8,91,91,8.2,16.7,9.5,0,5,91.6
100923,3.3,71.8,65,76,5.8,5.2,5.2,1,4,65.3
100924,1.8,44.8,89,,8.4,7.5,6.1,0,1,65.5
100925,4.8,50.7,54,69,8.2,2.9,6.3,1,,56.3
100926,4.4,78.5,66,74,6.4,5.0,3.8,2,6,72.5
100927,2.7,84.4,84,91,8.4,4.9,8.4,0,2,71.4
100928,6.0,85.0,68,94,6.8,2.4,5.9,0,4,86.3
100929,6.4,79.2,,77,6.7,5.5,7.5,1,6,82.7
100930,3.9,96.3,41,89,6.8,6.5,,3,7,66.2
100931,2.5,73.0,64,73,7.5,3.2,3.5,1,2,68.2
100932,8.0,67.0,74,65,6.8,2.4,2.9,0,7,80.4
100933,,75.1,80,82,0.0,6.6,2.7,0,6,76.0
100934,5.6,81.1,78,71,7.2,6.9,3.9,0,10,88.5
100935,8.0,95.0,91,95,8.0,10.9,7.2,0,10,100.0
100936,2.6,89.8,50,87,9.9,4.4,4.7,3,1,35.5
100937,6.2,83.5,80,75,6.2,5.1,3.2,0,6,80.2
100938,2.6,82.0,61,85,8.8,7.5,5.9,2,1,58.2
100939,5.4,98.4,83,,,11.8,5.6,0,10,100.0
100940,3.3,92.0,80,98,8.1,5.9,10.0,0,10,100.0
100941,3.1,69.2,51,90,8.3,11.9,5.3,3,6,48.9
100942,5.9,95.7,69,84,7.2,2.1,5.6,1,6,84.9
100943,7.5,91.4,64,,7.5,2.2,6.9,3,3,76.9
100944,6.7,73.5,53,72,6.3,3.0,4.4,1,4,59.9
100945,5.5,89.4,60,100,6.6,3.1,8.1,0,5,81.0
100946,4.4,65.7,56,,7.4,2.9,3.2,2,2,61.5
100947,6.0,43.4,30,81,7.2,4.5,4.2,3,7,59.1
100948,7.9,87.0,78,64,6.7,7.9,5.5,0,3,82.6
100949,4.4,79.1,70,93,6.7,,5.0,0,6,91.6
100950,3.8,53.8,56,72,6.8,4.8,4.5,0,4,68.9
100951,3.4,87.4,100,83,7.0,6.6,7.9,0,10,95.7
100952,5.2,82.6,68,85,8.0,3.6,5.4,1,6,80.2
100953,4.8,77.4,72,100,8.3,6.4,7.7,1,7,85.9
100954,5.4,66.9,80,92,5.6,12.6,6.4,0,7,85.7
100955,5.8,97.5,81,68,7.7,2.3,6.0,,9,90.9
100956,4.0,81.3,51,,7.7,7.1,10.0,1,6,72.3
100957,6.0,69.7,67,69,6.4,4.2,4.6,2,4,62.8
100958,5.9,71.1,67,73,8.8,0.5,6.2,2,7,71.7
100959,6.0,75.4,67,,6.4,6.2,3.2,3,6,58.1
100960,5.3,90.0,68,60,9.5,5.5,2.2,1,1,61.7
100961,5.2,72.8,73,67,6.2,6.0,4.2,0,9,78.7
100962,5.3,94.2,83,78,9.2,2.5,6.9,0,9,76.3
100963,4.2,100.0,73,74,6.4,2.1,10.0,0,10,100.0
100964,6.9,92.6,100,76,4.8,,6.6,0,8,85.8
100965,0.5,63.7,75,69,6.1,2.9,2.5,2,8,55.4
100966,6.9,79.5,66,75,6.8,5.5,2.8,1,5,70.8
100967,4.2,77.6,46,56,7.5,3.7,7.2,0,9,78.4
100968,4.0,88.0,57,65,6.1,3.0,5.5,0,3,58.6
100969,3.5,81.7,68,66,6.3,1.6,8.6,0,10,90.4
100970,5.7,75.5,30,63,8.2,3.5,6.5,1,3,52.7
100971,2.6,73.4,74,78,7.3,1.3,3.6,1,5,55.8
100972,4.6,66.5,74,89,7.3,10.1,6.0,1,6,76.1
100973,5.0,81.8,62,69,6.7,1.7,3.8,1,6,70.0
100974,4.6,50.5,60,79,7.2,7.1,5.4,0,1,67.9
100975,4.8,71.4,69,53,6.7,2.3,5.5,0,6,79.3
100976,4.4,85.1,48,89,8.2,,6.5,2,5,66.1
100977,7.1,98.6,84,98,7.5,5.6,5.4,0,8,97.1
100978,4.0,91.5,38,,5.7,6.7,7.8,3,5,63.4
100979,8.0,79.2,66,91,7.5,7.2,7.5,2,7,85.6
100980,2.6,73.4,52,61,7.5,19.3,8.4,1,6,62.1
100981,8.7,96.3,78,89,6.8,1.9,4.9,0,10,95.8
100982,4.4,56.0,58,83,7.4,5.2,5.7,1,1,73.1
100983,3.8,85.1,80,80,7.2,6.0,5.6,1,10,84.3
100984,2.2,75.0,69,66,7.5,3.5,5.8,1,3,65.1
100985,7.1,96.9,72,82,7.9,9.1,8.6,1,10,100.0
100986,5.0,89.9,62,,8.0,7.8,8.7,1,7,88.5
100987,6.3,80.8,63,39,6.4,9.1,6.4,2,1,57.9
100988,7.5,85.3,79,76,,4.5,9.6,0,8,81.4
100989,7.3,82.2,73,48,6.5,4.0,2.8,0,10,82.2
100990,5.8,90.0,71,91,8.2,1.8,6.7,0,9,90.3
100991,7.0,79.7,49,61,7.1,3.3,5.1,1,6,70.5
100992,6.5,100.0,59,100,8.1,0.6,4.4,1,1,78.8
100993,3.2,62.9,75,68,7.1,6.8,4.7,0,3,71.7
100994,3.6,60.8,87,69,6.0,1.0,5.1,1,8,83.0
100995,,92.3,58,88,,0.4,4.6,3,3,66.0
100996,7.5,94.1,66,93,8.8,9.8,6.4,1,8,87.9
100997,6.7,74.1,51,,7.7,1.9,5.1,1,3,77.3
100998,5.3,70.3,63,75,7.0,2.7,0.0,1,7,73.1
100999,7.9,96.1,61,90,6.7,1.1,6.4,2,7,82.0
101000,6.9,73.8,53,98,5.3,1.7,7.1,2,4,65.1
